meeting_key,session_key,date,driver_number,lap_number,category,flag,scope,sector,qualifying_phase,message
1292,11353,2026-08-23T12:12:06+00:00,,1,Other,,,,,AWNINGS MAY BE USED
1292,11353,2026-08-23T12:14:21+00:00,,1,Other,,,,,LOW GRIP DELTA ACTIVE
1292,11353,2026-08-23T12:14:24+00:00,,1,Other,,,,,LOW GRIP CONDITIONS
1292,11353,2026-08-23T12:14:27+00:00,,1,Other,,,,,OVERTAKE DISABLED
1292,11353,2026-08-23T12:20:01+00:00,,1,Flag,GREEN,Track,,,GREEN LIGHT - PIT EXIT OPEN
1292,11353,2026-08-23T12:30:01+00:00,,1,Other,,,,,PIT EXIT CLOSED
1292,11353,2026-08-23T12:30:18+00:00,,1,Flag,CLEAR,Sector,18.0,,CLEAR IN TRACK SECTOR 18
1292,11353,2026-08-23T12:30:20+00:00,,1,Flag,YELLOW,Sector,14.0,,YELLOW IN TRACK SECTOR 14
1292,11353,2026-08-23T12:30:39+00:00,,1,Flag,DOUBLE YELLOW,Sector,7.0,,DOUBLE YELLOW IN TRACK SECTOR 7
1292,11353,2026-08-23T12:31:06+00:00,,1,Flag,DOUBLE YELLOW,Sector,16.0,,DOUBLE YELLOW IN TRACK SECTOR 16
1292,11353,2026-08-23T12:31:07+00:00,,1,Flag,DOUBLE YELLOW,Sector,13.0,,DOUBLE YELLOW IN TRACK SECTOR 13
1292,11353,2026-08-23T12:31:12+00:00,,1,Flag,DOUBLE YELLOW,Sector,15.0,,DOUBLE YELLOW IN TRACK SECTOR 15
1292,11353,2026-08-23T12:31:15+00:00,,1,Flag,DOUBLE YELLOW,Sector,3.0,,DOUBLE YELLOW IN TRACK SECTOR 3
1292,11353,2026-08-23T12:31:20+00:00,,1,Flag,DOUBLE YELLOW,Sector,4.0,,DOUBLE YELLOW IN TRACK SECTOR 4
1292,11353,2026-08-23T12:31:22+00:00,,1,Flag,DOUBLE YELLOW,Sector,5.0,,DOUBLE YELLOW IN TRACK SECTOR 5
1292,11353,2026-08-23T12:31:29+00:00,,1,Flag,DOUBLE YELLOW,Sector,14.0,,DOUBLE YELLOW IN TRACK SECTOR 14
1292,11353,2026-08-23T12:31:47+00:00,,1,Flag,DOUBLE YELLOW,Sector,12.0,,DOUBLE YELLOW IN TRACK SECTOR 12
1292,11353,2026-08-23T12:32:05+00:00,,1,Flag,DOUBLE YELLOW,Sector,8.0,,DOUBLE YELLOW IN TRACK SECTOR 8
1292,11353,2026-08-23T12:32:15+00:00,,1,Flag,DOUBLE YELLOW,Sector,11.0,,DOUBLE YELLOW IN TRACK SECTOR 11
1292,11353,2026-08-23T12:32:23+00:00,,1,Flag,DOUBLE YELLOW,Sector,6.0,,DOUBLE YELLOW IN TRACK SECTOR 6
1292,11353,2026-08-23T12:32:23+00:00,,1,Flag,DOUBLE YELLOW,Sector,10.0,,DOUBLE YELLOW IN TRACK SECTOR 10
1292,11353,2026-08-23T12:32:25+00:00,,1,Flag,CLEAR,Sector,10.0,,CLEAR IN TRACK SECTOR 10
1292,11353,2026-08-23T12:32:26+00:00,,1,Flag,DOUBLE YELLOW,Sector,10.0,,DOUBLE YELLOW IN TRACK SECTOR 10
1292,11353,2026-08-23T12:32:58+00:00,,1,Flag,DOUBLE YELLOW,Sector,9.0,,DOUBLE YELLOW IN TRACK SECTOR 9
1292,11353,2026-08-23T12:34:48+00:00,,1,Flag,CLEAR,Sector,16.0,,CLEAR IN TRACK SECTOR 16
1292,11353,2026-08-23T12:34:56+00:00,,1,Flag,CLEAR,Sector,4.0,,CLEAR IN TRACK SECTOR 4
1292,11353,2026-08-23T12:36:09+00:00,,1,Flag,CLEAR,Sector,3.0,,CLEAR IN TRACK SECTOR 3
1292,11353,2026-08-23T12:36:25+00:00,,1,Other,,,,,INCIDENT INVOLVING CAR 23 (ALB) NOTED - FAILING TO FOLLOW RACE DIRECTORS INSTRUCTIONS
1292,11353,2026-08-23T12:36:38+00:00,,1,Other,,,,,INCIDENT INVOLVING CAR 3 (VER) NOTED - FAILING TO FOLLOW RACE DIRECTORS INSTRUCTIONS
1292,11353,2026-08-23T12:36:56+00:00,,1,Other,,,,,INCIDENT INVOLVING CAR 55 (SAI) NOTED - FAILING TO FOLLOW RACE DIRECTORS INSTRUCTIONS
1292,11353,2026-08-23T12:37:07+00:00,,1,Other,,,,,INCIDENT INVOLVING CAR 44 (HAM) NOTED - FAILING TO FOLLOW RACE DIRECTORS INSTRUCTIONS
1292,11353,2026-08-23T12:37:49+00:00,,1,Flag,CLEAR,Sector,11.0,,CLEAR IN TRACK SECTOR 11
1292,11353,2026-08-23T12:38:44+00:00,,1,Flag,CLEAR,Sector,13.0,,CLEAR IN TRACK SECTOR 13
1292,11353,2026-08-23T12:39:02+00:00,,1,Flag,YELLOW,Sector,11.0,,YELLOW IN TRACK SECTOR 11
1292,11353,2026-08-23T12:39:02+00:00,,1,Other,,,,,INCIDENT INVOLVING CAR 43 (COL) NOTED - FAILING TO FOLLOW RACE DIRECTORS INSTRUCTIONS
1292,11353,2026-08-23T12:39:07+00:00,,1,Flag,CLEAR,Sector,10.0,,CLEAR IN TRACK SECTOR 10
1292,11353,2026-08-23T12:39:28+00:00,,1,Flag,YELLOW,Sector,4.0,,YELLOW IN TRACK SECTOR 4
1292,11353,2026-08-23T12:39:33+00:00,,1,Flag,DOUBLE YELLOW,Sector,4.0,,DOUBLE YELLOW IN TRACK SECTOR 4
1292,11353,2026-08-23T12:39:53+00:00,,1,Flag,CLEAR,Sector,5.0,,CLEAR IN TRACK SECTOR 5
1292,11353,2026-08-23T12:40:08+00:00,,1,Flag,CLEAR,Sector,11.0,,CLEAR IN TRACK SECTOR 11
1292,11353,2026-08-23T12:40:14+00:00,,1,Flag,DOUBLE YELLOW,Sector,3.0,,DOUBLE YELLOW IN TRACK SECTOR 3
1292,11353,2026-08-23T12:40:26+00:00,,1,Flag,CLEAR,Sector,3.0,,CLEAR IN TRACK SECTOR 3
1292,11353,2026-08-23T12:40:37+00:00,,1,Flag,CLEAR,Sector,7.0,,CLEAR IN TRACK SECTOR 7
1292,11353,2026-08-23T12:40:54+00:00,,1,Other,,,,,FIA STEWARDS: INCIDENT INVOLVING CAR 23 (ALB) REVIEWED NO FURTHER INVESTIGATION - FAILING TO FOLLOW RACE DIRECTORS INSTRUCTIONS
1292,11353,2026-08-23T12:40:54+00:00,,1,Flag,CLEAR,Sector,6.0,,CLEAR IN TRACK SECTOR 6
1292,11353,2026-08-23T12:40:59+00:00,,1,Other,,,,,FIA STEWARDS: INCIDENT INVOLVING CAR 3 (VER) REVIEWED NO FURTHER INVESTIGATION - FAILING TO FOLLOW RACE DIRECTORS INSTRUCTIONS
1292,11353,2026-08-23T12:41:00+00:00,,1,Flag,CLEAR,Sector,4.0,,CLEAR IN TRACK SECTOR 4
1292,11353,2026-08-23T12:41:05+00:00,,1,Other,,,,,FIA STEWARDS: INCIDENT INVOLVING CAR 55 (SAI) REVIEWED NO FURTHER INVESTIGATION - FAILING TO FOLLOW RACE DIRECTORS INSTRUCTIONS
1292,11353,2026-08-23T12:41:09+00:00,,1,Other,,,,,FIA STEWARDS: INCIDENT INVOLVING CAR 44 (HAM) REVIEWED NO FURTHER INVESTIGATION - FAILING TO FOLLOW RACE DIRECTORS INSTRUCTIONS
1292,11353,2026-08-23T12:41:12+00:00,,1,Flag,DOUBLE YELLOW,Sector,10.0,,DOUBLE YELLOW IN TRACK SECTOR 10
1292,11353,2026-08-23T12:41:15+00:00,,1,Other,,,,,FIA STEWARDS: INCIDENT INVOLVING CAR 43 (COL) REVIEWED NO FURTHER INVESTIGATION - FAILING TO FOLLOW RACE DIRECTORS INSTRUCTIONS
1292,11353,2026-08-23T12:41:29+00:00,,1,Flag,CLEAR,Sector,8.0,,CLEAR IN TRACK SECTOR 8
1292,11353,2026-08-23T12:41:29+00:00,,1,Flag,CLEAR,Sector,9.0,,CLEAR IN TRACK SECTOR 9
1292,11353,2026-08-23T12:41:33+00:00,,1,Flag,DOUBLE YELLOW,Sector,8.0,,DOUBLE YELLOW IN TRACK SECTOR 8
1292,11353,2026-08-23T12:42:40+00:00,,1,Flag,CLEAR,Sector,8.0,,CLEAR IN TRACK SECTOR 8
1292,11353,2026-08-23T12:43:01+00:00,,1,Flag,YELLOW,Sector,11.0,,YELLOW IN TRACK SECTOR 11
1292,11353,2026-08-23T12:43:10+00:00,,1,Flag,CLEAR,Sector,10.0,,CLEAR IN TRACK SECTOR 10
1292,11353,2026-08-23T12:43:49+00:00,,1,Flag,YELLOW,Sector,15.0,,YELLOW IN TRACK SECTOR 15
1292,11353,2026-08-23T12:43:50+00:00,,1,Flag,CLEAR,Sector,15.0,,CLEAR IN TRACK SECTOR 15
1292,11353,2026-08-23T12:45:01+00:00,,1,Other,,,,,RISK OF RAIN FOR THE F1 RACE IS 30%
1292,11353,2026-08-23T12:45:33+00:00,,1,Flag,YELLOW,Sector,15.0,,YELLOW IN TRACK SECTOR 15
1292,11353,2026-08-23T12:46:04+00:00,,1,Flag,DOUBLE YELLOW,Sector,10.0,,DOUBLE YELLOW IN TRACK SECTOR 10
1292,11353,2026-08-23T12:46:06+00:00,,1,Flag,YELLOW,Sector,10.0,,YELLOW IN TRACK SECTOR 10
1292,11353,2026-08-23T12:46:41+00:00,,1,Flag,DOUBLE YELLOW,Sector,10.0,,DOUBLE YELLOW IN TRACK SECTOR 10
1292,11353,2026-08-23T12:46:49+00:00,,1,Flag,CLEAR,Sector,15.0,,CLEAR IN TRACK SECTOR 15
1292,11353,2026-08-23T12:47:32+00:00,,1,Flag,DOUBLE YELLOW,Sector,5.0,,DOUBLE YELLOW IN TRACK SECTOR 5
1292,11353,2026-08-23T12:47:42+00:00,,1,Flag,CLEAR,Sector,11.0,,CLEAR IN TRACK SECTOR 11
1292,11353,2026-08-23T12:48:10+00:00,,1,Flag,CLEAR,Sector,10.0,,CLEAR IN TRACK SECTOR 10
1292,11353,2026-08-23T12:48:47+00:00,,1,Flag,YELLOW,Sector,15.0,,YELLOW IN TRACK SECTOR 15
1292,11353,2026-08-23T12:48:50+00:00,,1,Flag,DOUBLE YELLOW,Sector,10.0,,DOUBLE YELLOW IN TRACK SECTOR 10
1292,11353,2026-08-23T12:49:06+00:00,,1,Flag,CLEAR,Sector,10.0,,CLEAR IN TRACK SECTOR 10
1292,11353,2026-08-23T12:49:36+00:00,,1,Flag,DOUBLE YELLOW,Sector,16.0,,DOUBLE YELLOW IN TRACK SECTOR 16
1292,11353,2026-08-23T12:49:46+00:00,,1,Flag,CLEAR,Sector,15.0,,CLEAR IN TRACK SECTOR 15
1292,11353,2026-08-23T12:50:02+00:00,,1,Flag,CLEAR,Sector,16.0,,CLEAR IN TRACK SECTOR 16
1292,11353,2026-08-23T12:50:13+00:00,,1,Flag,DOUBLE YELLOW,Sector,11.0,,DOUBLE YELLOW IN TRACK SECTOR 11
1292,11353,2026-08-23T12:50:20+00:00,,1,Flag,CLEAR,Sector,12.0,,CLEAR IN TRACK SECTOR 12
1292,11353,2026-08-23T12:50:36+00:00,,1,Flag,YELLOW,Sector,10.0,,YELLOW IN TRACK SECTOR 10
1292,11353,2026-08-23T12:50:51+00:00,,1,Flag,CLEAR,Sector,14.0,,CLEAR IN TRACK SECTOR 14
1292,11353,2026-08-23T12:50:52+00:00,,1,Flag,DOUBLE YELLOW,Sector,14.0,,DOUBLE YELLOW IN TRACK SECTOR 14
1292,11353,2026-08-23T12:51:02+00:00,,1,Flag,DOUBLE YELLOW,Sector,10.0,,DOUBLE YELLOW IN TRACK SECTOR 10
1292,11353,2026-08-23T12:51:08+00:00,,1,Flag,CLEAR,Sector,11.0,,CLEAR IN TRACK SECTOR 11
1292,11353,2026-08-23T12:51:08+00:00,,1,Flag,CLEAR,Sector,5.0,,CLEAR IN TRACK SECTOR 5
1292,11353,2026-08-23T12:51:27+00:00,,1,Flag,CLEAR,Sector,10.0,,CLEAR IN TRACK SECTOR 10
1292,11353,2026-08-23T12:51:32+00:00,,1,Flag,YELLOW,Sector,11.0,,YELLOW IN TRACK SECTOR 11
1292,11353,2026-08-23T12:51:40+00:00,,1,Flag,CLEAR,Sector,14.0,,CLEAR IN TRACK SECTOR 14
1292,11353,2026-08-23T12:51:54+00:00,,1,Other,,,,,NORMAL GRIP CONDITIONS
1292,11353,2026-08-23T12:51:56+00:00,,1,Other,,,,,NORMAL GRIP DELTA ACTIVE
1292,11353,2026-08-23T12:52:21+00:00,,1,Flag,YELLOW,Sector,16.0,,YELLOW IN TRACK SECTOR 16
1292,11353,2026-08-23T12:52:23+00:00,,1,Flag,CLEAR,Sector,11.0,,CLEAR IN TRACK SECTOR 11
1292,11353,2026-08-23T12:52:54+00:00,,1,Flag,CLEAR,Sector,16.0,,CLEAR IN TRACK SECTOR 16
1292,11353,2026-08-23T12:55:02+00:00,,1,Other,,,,,SAFETY CAR LIGHTS ON
1292,11353,2026-08-23T13:01:10+00:00,,1,Other,,,,,STANDING START
1292,11353,2026-08-23T13:03:28.567000+00:00,,1,SessionStatus,,,,,SESSION STARTED
1292,11353,2026-08-23T13:03:29+00:00,,1,Other,,,,,RACE START
1292,11353,2026-08-23T13:03:41+00:00,,1,Other,,,,,PIT EXIT OPEN
1292,11353,2026-08-23T13:04:38+00:00,,1,Other,,,,,OVERTAKE ENABLED
1292,11353,2026-08-23T13:04:56+00:00,,2,Flag,DOUBLE YELLOW,Sector,18.0,,DOUBLE YELLOW IN TRACK SECTOR 18
1292,11353,2026-08-23T13:05:01+00:00,,2,Flag,DOUBLE YELLOW,Sector,16.0,,DOUBLE YELLOW IN TRACK SECTOR 16
1292,11353,2026-08-23T13:05:01+00:00,,2,Flag,DOUBLE YELLOW,Sector,17.0,,DOUBLE YELLOW IN TRACK SECTOR 17
1292,11353,2026-08-23T13:05:27.956000+00:00,,2,SessionStatus,,,,,SESSION ABORTED
1292,11353,2026-08-23T13:05:28+00:00,,2,Other,,,,,RED FLAG - RACE SUSPENDED
1292,11353,2026-08-23T13:05:28+00:00,,2,Flag,CLEAR,Sector,16.0,,CLEAR IN TRACK SECTOR 16
1292,11353,2026-08-23T13:05:28+00:00,,2,Flag,CLEAR,Sector,17.0,,CLEAR IN TRACK SECTOR 17
1292,11353,2026-08-23T13:05:28+00:00,,2,Flag,CLEAR,Sector,18.0,,CLEAR IN TRACK SECTOR 18
1292,11353,2026-08-23T13:05:52+00:00,,2,Flag,DOUBLE YELLOW,Sector,18.0,,DOUBLE YELLOW IN TRACK SECTOR 18
1292,11353,2026-08-23T13:08:00+00:00,,3,Flag,CLEAR,Track,,,TRACK CLEAR
1292,11353,2026-08-23T13:08:01+00:00,,3,Flag,DOUBLE YELLOW,Sector,18.0,,DOUBLE YELLOW IN TRACK SECTOR 18
1292,11353,2026-08-23T13:08:18+00:00,,3,Flag,YELLOW,Sector,14.0,,YELLOW IN TRACK SECTOR 14
1292,11353,2026-08-23T13:08:28+00:00,,3,Flag,CLEAR,Sector,14.0,,CLEAR IN TRACK SECTOR 14
1292,11353,2026-08-23T13:08:53+00:00,,3,Flag,YELLOW,Sector,10.0,,YELLOW IN TRACK SECTOR 10
1292,11353,2026-08-23T13:09:16+00:00,,3,Flag,CLEAR,Sector,10.0,,CLEAR IN TRACK SECTOR 10
1292,11353,2026-08-23T13:10:50+00:00,,3,Flag,DOUBLE YELLOW,Sector,7.0,,DOUBLE YELLOW IN TRACK SECTOR 7
1292,11353,2026-08-23T13:11:12+00:00,,3,Flag,DOUBLE YELLOW,Sector,16.0,,DOUBLE YELLOW IN TRACK SECTOR 16
1292,11353,2026-08-23T13:11:12+00:00,,3,Flag,DOUBLE YELLOW,Sector,17.0,,DOUBLE YELLOW IN TRACK SECTOR 17
1292,11353,2026-08-23T13:11:38+00:00,,3,Flag,CLEAR,Sector,7.0,,CLEAR IN TRACK SECTOR 7
1292,11353,2026-08-23T13:11:46+00:00,,3,Other,,,,,TURN 14 INCIDENT INVOLVING CAR 41 (LIN) NOTED - YELLOW FLAG INFRINGEMENT (15:04:49)
1292,11353,2026-08-23T13:17:04+00:00,,3,Other,,,,,"RESUMPTION ORDER: 1, 12, 63, 16, 81, 44, 30, 41, 10, 43, 22, 27, 23, 31, 14, 87, 5, 18, 55, 77, 11"
1292,11353,2026-08-23T13:18:43+00:00,,3,Other,,,,,TURN 14 INCIDENT INVOLVING CAR 31 (OCO) NOTED - YELLOW FLAG INFRINGEMENT (15:04:54)
1292,11353,2026-08-23T13:19:29+00:00,,3,Other,,,,,TURN 14 INCIDENT INVOLVING CAR 43 (COL) NOTED - YELLOW FLAG INFRINGEMENT (15:04:50)
1292,11353,2026-08-23T13:20:39+00:00,,3,Flag,CLEAR,Sector,18.0,,CLEAR IN TRACK SECTOR 18
1292,11353,2026-08-23T13:20:44+00:00,,3,Flag,CLEAR,Sector,16.0,,CLEAR IN TRACK SECTOR 16
1292,11353,2026-08-23T13:20:44+00:00,,3,Flag,CLEAR,Sector,17.0,,CLEAR IN TRACK SECTOR 17
1292,11353,2026-08-23T13:20:50+00:00,,3,Other,,,,,FIA STEWARDS: TURN 14 INCIDENT INVOLVING CAR 31 (OCO) REVIEWED NO FURTHER INVESTIGATION - YELLOW FLAG INFRINGEMENT (15:04:54)
1292,11353,2026-08-23T13:21:35+00:00,,3,Flag,DOUBLE YELLOW,Sector,11.0,,DOUBLE YELLOW IN TRACK SECTOR 11
1292,11353,2026-08-23T13:21:43+00:00,,3,Flag,CLEAR,Sector,11.0,,CLEAR IN TRACK SECTOR 11
1292,11353,2026-08-23T13:21:47+00:00,,3,Flag,YELLOW,Sector,10.0,,YELLOW IN TRACK SECTOR 10
1292,11353,2026-08-23T13:21:49+00:00,,3,Flag,DOUBLE YELLOW,Sector,10.0,,DOUBLE YELLOW IN TRACK SECTOR 10
1292,11353,2026-08-23T13:22:07+00:00,,3,Flag,CLEAR,Sector,10.0,,CLEAR IN TRACK SECTOR 10
1292,11353,2026-08-23T13:22:26+00:00,,3,Flag,DOUBLE YELLOW,Sector,6.0,,DOUBLE YELLOW IN TRACK SECTOR 6
1292,11353,2026-08-23T13:22:29+00:00,,3,Other,,,,,RACE WILL RESUME AT 15:33
1292,11353,2026-08-23T13:23:17+00:00,,3,Flag,CLEAR,Sector,6.0,,CLEAR IN TRACK SECTOR 6
1292,11353,2026-08-23T13:24:01+00:00,,3,Other,,,,,FIA STEWARDS: TURN 14 INCIDENT INVOLVING CAR 41 (LIN) UNDER INVESTIGATION - YELLOW FLAG INFRINGEMENT (15:04:49)
1292,11353,2026-08-23T13:28:11+00:00,,3,Other,,,,,SAFETY CAR LIGHTS ON
1292,11353,2026-08-23T13:28:40+00:00,,3,Other,,,,,FIA STEWARDS: TURN 14 INCIDENT INVOLVING CAR 43 (COL) UNDER INVESTIGATION - YELLOW FLAG INFRINGEMENT (15:04:50)
1292,11353,2026-08-23T13:33:00.088000+00:00,,3,SessionStatus,,,,,SESSION STARTED
1292,11353,2026-08-23T13:33:47+00:00,,3,Other,,,,,STANDING START
1292,11353,2026-08-23T13:35:29+00:00,,4,Flag,YELLOW,Sector,13.0,,YELLOW IN TRACK SECTOR 13
1292,11353,2026-08-23T13:36:27+00:00,,4,Other,,,,,EXTRA FORMATION LAP
1292,11353,2026-08-23T13:36:32+00:00,,4,Flag,CLEAR,Sector,13.0,,CLEAR IN TRACK SECTOR 13
1292,11353,2026-08-23T13:39:47+00:00,,5,Flag,YELLOW,Sector,3.0,,YELLOW IN TRACK SECTOR 3
1292,11353,2026-08-23T13:39:49+00:00,,5,Flag,CLEAR,Sector,3.0,,CLEAR IN TRACK SECTOR 3
1292,11353,2026-08-23T13:40:19+00:00,,5,Other,,,,,FIA STEWARDS: DRIVE THROUGH PENALTY FOR CAR 41 (LIN) - YELLOW FLAG INFRINGEMENT (15:04:49)
1292,11353,2026-08-23T13:41:53+00:00,,6,Other,,,,,OVERTAKE ENABLED
1292,11353,2026-08-23T13:42:00+00:00,,6,Other,,,,,CAR 27 (HUL) TIME 1:23.646 DELETED - TRACK LIMITS AT TURN 3 LAP 5 15:40:03
1292,11353,2026-08-23T13:42:52+00:00,,7,Other,,,,,CAR 41 (LIN) TIME 1:29.772 DELETED - TRACK LIMITS AT TURN 3 LAP 6 15:41:36
1292,11353,2026-08-23T13:43:07+00:00,,7,Other,,,,,FIA STEWARDS: DRIVE THROUGH PENALTY FOR CAR 43 (COL) - YELLOW FLAG INFRINGEMENT (15:04:50)
1292,11353,2026-08-23T13:45:43+00:00,,9,Other,,,,,INCIDENT INVOLVING CAR 87 (BEA) NOTED - LEAVING PIT EXIT ON RED LIGHT (15:33:53)
1292,11353,2026-08-23T13:46:09+00:00,,10,Other,,,,,INCIDENT INVOLVING CAR 5 (BOR) NOTED - LEAVING PIT EXIT ON RED LIGHT (15:33:53)
1292,11353,2026-08-23T13:49:28+00:00,,12,Other,,,,,FIA STEWARDS: INCIDENT INVOLVING CAR 87 (BEA) WILL BE INVESTIGATED AFTER THE RACE - LEAVING PIT EXIT ON RED LIGHT (15:33:53)
1292,11353,2026-08-23T13:49:33+00:00,,12,Other,,,,,FIA STEWARDS: INCIDENT INVOLVING CAR 5 (BOR) WILL BE INVESTIGATED AFTER THE RACE - LEAVING PIT EXIT ON RED LIGHT (15:33:53)
1292,11353,2026-08-23T13:50:51+00:00,,13,Other,,,,,FIA STEWARDS: PENALTY SERVED - DRIVE THROUGH PENALTY FOR CAR 41 (LIN) - YELLOW FLAG INFRINGEMENT (15:04:49)
1292,11353,2026-08-23T13:51:06+00:00,,13,Other,,,,,FIA STEWARDS: PENALTY SERVED - DRIVE THROUGH PENALTY FOR CAR 43 (COL) - YELLOW FLAG INFRINGEMENT (15:04:50)
1292,11353,2026-08-23T14:01:26+00:00,,21,Other,,,,,CAR 18 (STR) TIME 1:19.923 DELETED - TRACK LIMITS AT TURN 3 LAP 20 16:00:15
1292,11353,2026-08-23T14:11:36+00:00,43.0,29,Flag,BLUE,Driver,,,WAVED BLUE FLAG FOR CAR 43 (COL) TIMED AT 16:11:36
1292,11353,2026-08-23T14:12:58+00:00,11.0,30,Flag,BLUE,Driver,,,WAVED BLUE FLAG FOR CAR 11 (PER) TIMED AT 16:12:57
1292,11353,2026-08-23T14:13:42+00:00,11.0,31,Flag,BLUE,Driver,,,WAVED BLUE FLAG FOR CAR 11 (PER) TIMED AT 16:13:42
1292,11353,2026-08-23T14:15:28+00:00,43.0,32,Flag,BLUE,Driver,,,WAVED BLUE FLAG FOR CAR 43 (COL) TIMED AT 16:15:27
1292,11353,2026-08-23T14:16:16+00:00,18.0,33,Flag,BLUE,Driver,,,WAVED BLUE FLAG FOR CAR 18 (STR) TIMED AT 16:16:16
1292,11353,2026-08-23T14:16:31+00:00,43.0,33,Flag,BLUE,Driver,,,WAVED BLUE FLAG FOR CAR 43 (COL) TIMED AT 16:16:30
1292,11353,2026-08-23T14:16:37+00:00,55.0,33,Flag,BLUE,Driver,,,WAVED BLUE FLAG FOR CAR 55 (SAI) TIMED AT 16:16:36
1292,11353,2026-08-23T14:16:42+00:00,43.0,33,Flag,BLUE,Driver,,,WAVED BLUE FLAG FOR CAR 43 (COL) TIMED AT 16:16:42
1292,11353,2026-08-23T14:16:48+00:00,55.0,33,Flag,BLUE,Driver,,,WAVED BLUE FLAG FOR CAR 55 (SAI) TIMED AT 16:16:47
1292,11353,2026-08-23T14:17:13+00:00,43.0,34,Flag,BLUE,Driver,,,WAVED BLUE FLAG FOR CAR 43 (COL) TIMED AT 16:17:12
1292,11353,2026-08-23T14:18:33+00:00,55.0,35,Flag,BLUE,Driver,,,WAVED BLUE FLAG FOR CAR 55 (SAI) TIMED AT 16:18:32
1292,11353,2026-08-23T14:18:57+00:00,31.0,35,Flag,BLUE,Driver,,,WAVED BLUE FLAG FOR CAR 31 (OCO) TIMED AT 16:18:56
1292,11353,2026-08-23T14:19:28+00:00,55.0,35,Flag,BLUE,Driver,,,WAVED BLUE FLAG FOR CAR 55 (SAI) TIMED AT 16:19:27
1292,11353,2026-08-23T14:19:54+00:00,14.0,36,Flag,BLUE,Driver,,,WAVED BLUE FLAG FOR CAR 14 (ALO) TIMED AT 16:19:54
1292,11353,2026-08-23T14:19:59+00:00,23.0,36,Flag,BLUE,Driver,,,WAVED BLUE FLAG FOR CAR 23 (ALB) TIMED AT 16:19:58
1292,11353,2026-08-23T14:20:09+00:00,5.0,36,Flag,BLUE,Driver,,,WAVED BLUE FLAG FOR CAR 5 (BOR) TIMED AT 16:20:08
1292,11353,2026-08-23T14:20:13+00:00,55.0,36,Flag,BLUE,Driver,,,WAVED BLUE FLAG FOR CAR 55 (SAI) TIMED AT 16:20:12
1292,11353,2026-08-23T14:20:16+00:00,18.0,36,Flag,BLUE,Driver,,,WAVED BLUE FLAG FOR CAR 18 (STR) TIMED AT 16:20:15
1292,11353,2026-08-23T14:20:28+00:00,23.0,36,Flag,BLUE,Driver,,,WAVED BLUE FLAG FOR CAR 23 (ALB) TIMED AT 16:20:27
1292,11353,2026-08-23T14:20:52+00:00,,36,Other,,,,,TURN 1 INCIDENT INVOLVING CARS 81 (PIA) AND 44 (HAM) NOTED - DRIVING ERRATICALLY (16:18:41)
1292,11353,2026-08-23T14:21:20+00:00,41.0,37,Flag,BLUE,Driver,,,WAVED BLUE FLAG FOR CAR 41 (LIN) TIMED AT 16:21:19
1292,11353,2026-08-23T14:21:29+00:00,18.0,37,Flag,BLUE,Driver,,,WAVED BLUE FLAG FOR CAR 18 (STR) TIMED AT 16:21:29
1292,11353,2026-08-23T14:21:32+00:00,77.0,37,Flag,BLUE,Driver,,,WAVED BLUE FLAG FOR CAR 77 (BOT) TIMED AT 16:21:32
1292,11353,2026-08-23T14:21:46+00:00,5.0,37,Flag,BLUE,Driver,,,WAVED BLUE FLAG FOR CAR 5 (BOR) TIMED AT 16:21:45
1292,11353,2026-08-23T14:21:48+00:00,41.0,37,Flag,BLUE,Driver,,,WAVED BLUE FLAG FOR CAR 41 (LIN) TIMED AT 16:21:47
1292,11353,2026-08-23T14:23:00+00:00,,38,Other,,,,,CAR 81 (PIA) TIME 1:17.753 DELETED - TRACK LIMITS AT TURN 11 LAP 37 16:22:17
1292,11353,2026-08-23T14:23:11+00:00,,38,Other,,,,,FIA STEWARDS: TURN 1 INCIDENT INVOLVING CARS 81 (PIA) AND 44 (HAM) REVIEWED NO FURTHER INVESTIGATION - DRIVING ERRATICALLY (16:18:41)
1292,11353,2026-08-23T14:23:20+00:00,81.0,38,Flag,BLACK AND WHITE,Driver,,,BLACK AND WHITE FLAG FOR CAR 81 (PIA) - DRIVING ERRATICALLY (16:18:41)
1292,11353,2026-08-23T14:24:15+00:00,23.0,39,Flag,BLUE,Driver,,,WAVED BLUE FLAG FOR CAR 23 (ALB) TIMED AT 16:24:14
1292,11353,2026-08-23T14:24:49+00:00,23.0,39,Flag,BLUE,Driver,,,WAVED BLUE FLAG FOR CAR 23 (ALB) TIMED AT 16:24:48
1292,11353,2026-08-23T14:25:01+00:00,10.0,40,Flag,BLUE,Driver,,,WAVED BLUE FLAG FOR CAR 10 (GAS) TIMED AT 16:25:00
1292,11353,2026-08-23T14:25:06+00:00,10.0,40,Flag,BLUE,Driver,,,WAVED BLUE FLAG FOR CAR 10 (GAS) TIMED AT 16:25:06
1292,11353,2026-08-23T14:26:39+00:00,5.0,41,Flag,BLUE,Driver,,,WAVED BLUE FLAG FOR CAR 5 (BOR) TIMED AT 16:26:38
1292,11353,2026-08-23T14:26:46+00:00,43.0,41,Flag,BLUE,Driver,,,WAVED BLUE FLAG FOR CAR 43 (COL) TIMED AT 16:26:45
1292,11353,2026-08-23T14:26:48+00:00,11.0,41,Flag,BLUE,Driver,,,WAVED BLUE FLAG FOR CAR 11 (PER) TIMED AT 16:26:48
1292,11353,2026-08-23T14:26:52+00:00,43.0,41,Flag,BLUE,Driver,,,WAVED BLUE FLAG FOR CAR 43 (COL) TIMED AT 16:26:51
1292,11353,2026-08-23T14:27:15+00:00,41.0,41,Flag,BLUE,Driver,,,WAVED BLUE FLAG FOR CAR 41 (LIN) TIMED AT 16:27:14
1292,11353,2026-08-23T14:27:19+00:00,,41,Other,,,,,CAR 27 (HUL) TIME 1:17.960 DELETED - TRACK LIMITS AT TURN 3 LAP 40 16:26:10
1292,11353,2026-08-23T14:27:46+00:00,23.0,42,Flag,BLUE,Driver,,,WAVED BLUE FLAG FOR CAR 23 (ALB) TIMED AT 16:27:45
1292,11353,2026-08-23T14:28:05+00:00,55.0,42,Flag,BLUE,Driver,,,WAVED BLUE FLAG FOR CAR 55 (SAI) TIMED AT 16:28:04
1292,11353,2026-08-23T14:29:20+00:00,14.0,43,Flag,BLUE,Driver,,,WAVED BLUE FLAG FOR CAR 14 (ALO) TIMED AT 16:29:19
1292,11353,2026-08-23T14:29:22+00:00,23.0,43,Flag,BLUE,Driver,,,WAVED BLUE FLAG FOR CAR 23 (ALB) TIMED AT 16:29:22
1292,11353,2026-08-23T14:30:39+00:00,41.0,44,Flag,BLUE,Driver,,,WAVED BLUE FLAG FOR CAR 41 (LIN) TIMED AT 16:30:39
1292,11353,2026-08-23T14:30:47+00:00,5.0,44,Flag,BLUE,Driver,,,WAVED BLUE FLAG FOR CAR 5 (BOR) TIMED AT 16:30:46
1292,11353,2026-08-23T14:30:54+00:00,5.0,44,Flag,BLUE,Driver,,,WAVED BLUE FLAG FOR CAR 5 (BOR) TIMED AT 16:30:54
1292,11353,2026-08-23T14:31:09+00:00,55.0,44,Flag,BLUE,Driver,,,WAVED BLUE FLAG FOR CAR 55 (SAI) TIMED AT 16:31:09
1292,11353,2026-08-23T14:31:09+00:00,23.0,44,Flag,BLUE,Driver,,,WAVED BLUE FLAG FOR CAR 23 (ALB) TIMED AT 16:31:09
1292,11353,2026-08-23T14:31:32+00:00,,45,Other,,,,,TRACK SURFACE SLIPPERY IN TRACK SECTOR 16
1292,11353,2026-08-23T14:32:33+00:00,,46,Flag,CLEAR,Sector,16.0,,CLEAR IN TRACK SECTOR 16
1292,11353,2026-08-23T14:32:42+00:00,,46,Other,,,,,CAR 22 (TSU) TIME 1:24.081 DELETED - TRACK LIMITS AT TURN 13 LAP 43 16:31:05
1292,11353,2026-08-23T14:32:47+00:00,14.0,46,Flag,BLUE,Driver,,,WAVED BLUE FLAG FOR CAR 14 (ALO) TIMED AT 16:32:46
1292,11353,2026-08-23T14:32:49+00:00,14.0,46,Flag,BLUE,Driver,,,WAVED BLUE FLAG FOR CAR 14 (ALO) TIMED AT 16:32:49
1292,11353,2026-08-23T14:33:33+00:00,23.0,46,Flag,BLUE,Driver,,,WAVED BLUE FLAG FOR CAR 23 (ALB) TIMED AT 16:33:32
1292,11353,2026-08-23T14:33:37+00:00,18.0,46,Flag,BLUE,Driver,,,WAVED BLUE FLAG FOR CAR 18 (STR) TIMED AT 16:33:36
1292,11353,2026-08-23T14:33:56+00:00,43.0,47,Flag,BLUE,Driver,,,WAVED BLUE FLAG FOR CAR 43 (COL) TIMED AT 16:33:55
1292,11353,2026-08-23T14:33:58+00:00,5.0,47,Flag,BLUE,Driver,,,WAVED BLUE FLAG FOR CAR 5 (BOR) TIMED AT 16:33:58
1292,11353,2026-08-23T14:34:01+00:00,18.0,47,Flag,BLUE,Driver,,,WAVED BLUE FLAG FOR CAR 18 (STR) TIMED AT 16:34:01
1292,11353,2026-08-23T14:34:37+00:00,10.0,47,Flag,BLUE,Driver,,,WAVED BLUE FLAG FOR CAR 10 (GAS) TIMED AT 16:34:36
1292,11353,2026-08-23T14:34:48+00:00,10.0,47,Flag,BLUE,Driver,,,WAVED BLUE FLAG FOR CAR 10 (GAS) TIMED AT 16:34:47
1292,11353,2026-08-23T14:34:50+00:00,43.0,47,Flag,BLUE,Driver,,,WAVED BLUE FLAG FOR CAR 43 (COL) TIMED AT 16:34:50
1292,11353,2026-08-23T14:35:07+00:00,31.0,47,Flag,BLUE,Driver,,,WAVED BLUE FLAG FOR CAR 31 (OCO) TIMED AT 16:35:07
1292,11353,2026-08-23T14:35:13+00:00,22.0,48,Flag,BLUE,Driver,,,WAVED BLUE FLAG FOR CAR 22 (TSU) TIMED AT 16:35:12
1292,11353,2026-08-23T14:35:22+00:00,22.0,48,Flag,BLUE,Driver,,,WAVED BLUE FLAG FOR CAR 22 (TSU) TIMED AT 16:35:22
1292,11353,2026-08-23T14:35:23+00:00,55.0,48,Flag,BLUE,Driver,,,WAVED BLUE FLAG FOR CAR 55 (SAI) TIMED AT 16:35:23
1292,11353,2026-08-23T14:35:36+00:00,10.0,48,Flag,BLUE,Driver,,,WAVED BLUE FLAG FOR CAR 10 (GAS) TIMED AT 16:35:35
1292,11353,2026-08-23T14:36:20+00:00,14.0,48,Flag,BLUE,Driver,,,WAVED BLUE FLAG FOR CAR 14 (ALO) TIMED AT 16:36:19
1292,11353,2026-08-23T14:37:25+00:00,,49,Other,,,,,CAR 55 (SAI) TIME 1:21.602 DELETED - TRACK LIMITS AT TURN 3 LAP 47 16:36:03
1292,11353,2026-08-23T14:37:35+00:00,41.0,49,Flag,BLUE,Driver,,,WAVED BLUE FLAG FOR CAR 41 (LIN) TIMED AT 16:37:34
1292,11353,2026-08-23T14:38:32+00:00,23.0,50,Flag,BLUE,Driver,,,WAVED BLUE FLAG FOR CAR 23 (ALB) TIMED AT 16:38:31
1292,11353,2026-08-23T14:38:36+00:00,14.0,50,Flag,BLUE,Driver,,,WAVED BLUE FLAG FOR CAR 14 (ALO) TIMED AT 16:38:36
1292,11353,2026-08-23T14:39:40+00:00,,51,Other,,,,,CAR 23 (ALB) LAP DELETED - TRACK LIMITS AT TURN 3 LAP 49 16:38:32 (PIT)
1292,11353,2026-08-23T14:40:30+00:00,14.0,52,Flag,BLUE,Driver,,,WAVED BLUE FLAG FOR CAR 14 (ALO) TIMED AT 16:40:29
1292,11353,2026-08-23T14:40:33+00:00,11.0,52,Flag,BLUE,Driver,,,WAVED BLUE FLAG FOR CAR 11 (PER) TIMED AT 16:40:33
1292,11353,2026-08-23T14:41:00+00:00,27.0,52,Flag,BLUE,Driver,,,WAVED BLUE FLAG FOR CAR 27 (HUL) TIMED AT 16:41:00
1292,11353,2026-08-23T14:41:22+00:00,5.0,52,Flag,BLUE,Driver,,,WAVED BLUE FLAG FOR CAR 5 (BOR) TIMED AT 16:41:22
1292,11353,2026-08-23T14:42:03+00:00,27.0,53,Flag,BLUE,Driver,,,WAVED BLUE FLAG FOR CAR 27 (HUL) TIMED AT 16:42:03
1292,11353,2026-08-23T14:42:12+00:00,77.0,53,Flag,BLUE,Driver,,,WAVED BLUE FLAG FOR CAR 77 (BOT) TIMED AT 16:42:11
1292,11353,2026-08-23T14:43:02+00:00,43.0,54,Flag,BLUE,Driver,,,WAVED BLUE FLAG FOR CAR 43 (COL) TIMED AT 16:43:02
1292,11353,2026-08-23T14:43:29+00:00,77.0,54,Flag,BLUE,Driver,,,WAVED BLUE FLAG FOR CAR 77 (BOT) TIMED AT 16:43:29
1292,11353,2026-08-23T14:43:46+00:00,77.0,54,Flag,BLUE,Driver,,,WAVED BLUE FLAG FOR CAR 77 (BOT) TIMED AT 16:43:45
1292,11353,2026-08-23T14:44:03+00:00,,54,Other,,,,,CAR 31 (OCO) TIME 1:17.847 DELETED - TRACK LIMITS AT TURN 3 LAP 52 16:42:32
1292,11353,2026-08-23T14:44:04+00:00,,54,Flag,YELLOW,Sector,5.0,,YELLOW IN TRACK SECTOR 5
1292,11353,2026-08-23T14:44:35+00:00,,55,SafetyCar,,,,,VSC DEPLOYED
1292,11353,2026-08-23T14:44:51+00:00,,55,Flag,DOUBLE YELLOW,Sector,5.0,,DOUBLE YELLOW IN TRACK SECTOR 5
1292,11353,2026-08-23T14:44:55+00:00,,55,Flag,YELLOW,Sector,4.0,,YELLOW IN TRACK SECTOR 4
1292,11353,2026-08-23T14:45:31+00:00,,55,Other,,,,,MARSHALS ON TRACK AT TURN 3
1292,11353,2026-08-23T14:48:39+00:00,,57,Flag,CLEAR,Sector,4.0,,CLEAR IN TRACK SECTOR 4
1292,11353,2026-08-23T14:48:41+00:00,,57,SafetyCar,,,,,VSC ENDING
1292,11353,2026-08-23T14:48:44+00:00,,57,Flag,CLEAR,Sector,5.0,,CLEAR IN TRACK SECTOR 5
1292,11353,2026-08-23T14:48:52+00:00,,57,Flag,CLEAR,Track,,,TRACK CLEAR
1292,11353,2026-08-23T14:48:53+00:00,10.0,57,Flag,BLUE,Driver,,,WAVED BLUE FLAG FOR CAR 10 (GAS) TIMED AT 16:48:52
1292,11353,2026-08-23T14:48:55+00:00,,57,Other,,,,,OVERTAKE ENABLED
1292,11353,2026-08-23T14:48:57+00:00,22.0,57,Flag,BLUE,Driver,,,WAVED BLUE FLAG FOR CAR 22 (TSU) TIMED AT 16:48:57
1292,11353,2026-08-23T14:49:05+00:00,41.0,57,Flag,BLUE,Driver,,,WAVED BLUE FLAG FOR CAR 41 (LIN) TIMED AT 16:49:05
1292,11353,2026-08-23T14:49:15+00:00,11.0,58,Flag,BLUE,Driver,,,WAVED BLUE FLAG FOR CAR 11 (PER) TIMED AT 16:49:14
1292,11353,2026-08-23T14:49:19+00:00,11.0,58,Flag,BLUE,Driver,,,WAVED BLUE FLAG FOR CAR 11 (PER) TIMED AT 16:49:19
1292,11353,2026-08-23T14:49:23+00:00,27.0,58,Flag,BLUE,Driver,,,WAVED BLUE FLAG FOR CAR 27 (HUL) TIMED AT 16:49:23
1292,11353,2026-08-23T14:49:52+00:00,27.0,58,Flag,BLUE,Driver,,,WAVED BLUE FLAG FOR CAR 27 (HUL) TIMED AT 16:49:52
1292,11353,2026-08-23T14:50:17+00:00,77.0,58,Flag,BLUE,Driver,,,WAVED BLUE FLAG FOR CAR 77 (BOT) TIMED AT 16:50:16
1292,11353,2026-08-23T14:50:36+00:00,23.0,59,Flag,BLUE,Driver,,,WAVED BLUE FLAG FOR CAR 23 (ALB) TIMED AT 16:50:36
1292,11353,2026-08-23T14:50:44+00:00,23.0,59,Flag,BLUE,Driver,,,WAVED BLUE FLAG FOR CAR 23 (ALB) TIMED AT 16:50:43
1292,11353,2026-08-23T14:51:17+00:00,14.0,59,Flag,BLUE,Driver,,,WAVED BLUE FLAG FOR CAR 14 (ALO) TIMED AT 16:51:17
1292,11353,2026-08-23T14:51:31+00:00,11.0,59,Flag,BLUE,Driver,,,WAVED BLUE FLAG FOR CAR 11 (PER) TIMED AT 16:51:30
1292,11353,2026-08-23T14:51:36+00:00,77.0,59,Flag,BLUE,Driver,,,WAVED BLUE FLAG FOR CAR 77 (BOT) TIMED AT 16:51:35
1292,11353,2026-08-23T14:52:07+00:00,,60,Other,,,,,CAR 11 (PER) TIME 1:17.149 DELETED - TRACK LIMITS AT TURN 3 LAP 57 16:50:48
1292,11353,2026-08-23T14:52:23+00:00,11.0,60,Flag,BLUE,Driver,,,WAVED BLUE FLAG FOR CAR 11 (PER) TIMED AT 16:52:22
1292,11353,2026-08-23T14:52:44+00:00,77.0,60,Flag,BLUE,Driver,,,WAVED BLUE FLAG FOR CAR 77 (BOT) TIMED AT 16:52:43
1292,11353,2026-08-23T14:52:49+00:00,,60,Other,,,,,INCIDENT INVOLVING CAR 43 (COL) NOTED - YELLOW FLAG INFRINGEMENT (16:44:04)
1292,11353,2026-08-23T14:52:51+00:00,77.0,60,Flag,BLUE,Driver,,,WAVED BLUE FLAG FOR CAR 77 (BOT) TIMED AT 16:52:51
1292,11353,2026-08-23T14:52:53+00:00,55.0,61,Flag,BLUE,Driver,,,WAVED BLUE FLAG FOR CAR 55 (SAI) TIMED AT 16:52:53
1292,11353,2026-08-23T14:53:04+00:00,55.0,61,Flag,BLUE,Driver,,,WAVED BLUE FLAG FOR CAR 55 (SAI) TIMED AT 16:53:04
1292,11353,2026-08-23T14:53:22+00:00,27.0,61,Flag,BLUE,Driver,,,WAVED BLUE FLAG FOR CAR 27 (HUL) TIMED AT 16:53:22
1292,11353,2026-08-23T14:53:54+00:00,11.0,61,Flag,BLUE,Driver,,,WAVED BLUE FLAG FOR CAR 11 (PER) TIMED AT 16:53:53
1292,11353,2026-08-23T14:53:58+00:00,11.0,61,Flag,BLUE,Driver,,,WAVED BLUE FLAG FOR CAR 11 (PER) TIMED AT 16:53:58
1292,11353,2026-08-23T14:54:17+00:00,,62,Other,,,,,INCIDENT INVOLVING CAR 30 (LAW) NOTED - YELLOW FLAG INFRINGEMENT (16:44:04)
1292,11353,2026-08-23T14:55:22+00:00,22.0,62,Flag,BLUE,Driver,,,WAVED BLUE FLAG FOR CAR 22 (TSU) TIMED AT 16:55:22
1292,11353,2026-08-23T14:57:16+00:00,77.0,64,Flag,BLUE,Driver,,,WAVED BLUE FLAG FOR CAR 77 (BOT) TIMED AT 16:57:15
1292,11353,2026-08-23T14:57:26+00:00,10.0,64,Flag,BLUE,Driver,,,WAVED BLUE FLAG FOR CAR 10 (GAS) TIMED AT 16:57:25
1292,11353,2026-08-23T14:57:47+00:00,11.0,64,Flag,BLUE,Driver,,,WAVED BLUE FLAG FOR CAR 11 (PER) TIMED AT 16:57:46
1292,11353,2026-08-23T14:58:04+00:00,11.0,65,Flag,BLUE,Driver,,,WAVED BLUE FLAG FOR CAR 11 (PER) TIMED AT 16:58:03
1292,11353,2026-08-23T14:58:23+00:00,14.0,65,Flag,BLUE,Driver,,,WAVED BLUE FLAG FOR CAR 14 (ALO) TIMED AT 16:58:23
1292,11353,2026-08-23T14:58:39+00:00,43.0,65,Flag,BLUE,Driver,,,WAVED BLUE FLAG FOR CAR 43 (COL) TIMED AT 16:58:39
1292,11353,2026-08-23T14:59:17+00:00,23.0,66,Flag,BLUE,Driver,,,WAVED BLUE FLAG FOR CAR 23 (ALB) TIMED AT 16:59:17
1292,11353,2026-08-23T14:59:33+00:00,55.0,66,Flag,BLUE,Driver,,,WAVED BLUE FLAG FOR CAR 55 (SAI) TIMED AT 16:59:33
1292,11353,2026-08-23T14:59:41+00:00,,66,Other,,,,,FIA STEWARDS: INCIDENT INVOLVING CAR 43 (COL) UNDER INVESTIGATION - YELLOW FLAG INFRINGEMENT (16:44:04)
1292,11353,2026-08-23T14:59:42+00:00,11.0,66,Flag,BLUE,Driver,,,WAVED BLUE FLAG FOR CAR 11 (PER) TIMED AT 16:59:41
1292,11353,2026-08-23T14:59:48+00:00,11.0,66,Flag,BLUE,Driver,,,WAVED BLUE FLAG FOR CAR 11 (PER) TIMED AT 16:59:48
1292,11353,2026-08-23T15:00:47+00:00,55.0,67,Flag,BLUE,Driver,,,WAVED BLUE FLAG FOR CAR 55 (SAI) TIMED AT 17:00:46
1292,11353,2026-08-23T15:00:52+00:00,55.0,67,Flag,BLUE,Driver,,,WAVED BLUE FLAG FOR CAR 55 (SAI) TIMED AT 17:00:51
1292,11353,2026-08-23T15:00:59+00:00,23.0,67,Flag,BLUE,Driver,,,WAVED BLUE FLAG FOR CAR 23 (ALB) TIMED AT 17:00:59
1292,11353,2026-08-23T15:01:03+00:00,55.0,67,Flag,BLUE,Driver,,,WAVED BLUE FLAG FOR CAR 55 (SAI) TIMED AT 17:01:02
1292,11353,2026-08-23T15:02:00+00:00,,68,Other,,,,,FIA STEWARDS: 10 SECOND TIME PENALTY FOR CAR 43 (COL) - YELLOW FLAG INFRINGEMENT (16:44:04)
1292,11353,2026-08-23T15:02:00+00:00,55.0,68,Flag,BLUE,Driver,,,WAVED BLUE FLAG FOR CAR 55 (SAI) TIMED AT 17:01:59
1292,11353,2026-08-23T15:02:31+00:00,,68,Other,,,,,TRACK SURFACE SLIPPERY IN TRACK SECTOR 7
1292,11353,2026-08-23T15:02:45+00:00,23.0,68,Flag,BLUE,Driver,,,WAVED BLUE FLAG FOR CAR 23 (ALB) TIMED AT 17:02:44
1292,11353,2026-08-23T15:02:48+00:00,,68,Other,,,,,FIA STEWARDS: INCIDENT INVOLVING CAR 30 (LAW) UNDER INVESTIGATION - YELLOW FLAG INFRINGEMENT (16:44:04)
1292,11353,2026-08-23T15:03:29+00:00,,69,Other,,,,,CAR 55 (SAI) LAP DELETED - TRACK LIMITS AT TURN 1 LAP 65 17:00:31 (PIT)
1292,11353,2026-08-23T15:03:31+00:00,,69,Other,,,,,CAR 23 (ALB) TIME 1:33.169 DELETED - TRACK LIMITS AT TURN 1 LAP 65 17:00:31
1292,11353,2026-08-23T15:04:22+00:00,,70,SafetyCar,,,,,VSC DEPLOYED
1292,11353,2026-08-23T15:04:22+00:00,,70,Flag,CLEAR,Sector,7.0,,CLEAR IN TRACK SECTOR 7
1292,11353,2026-08-23T15:04:30+00:00,,70,Other,,,,,FIA STEWARDS: 10 SECOND TIME PENALTY FOR CAR 30 (LAW) - YELLOW FLAG INFRINGEMENT (16:44:04)
1292,11353,2026-08-23T15:04:45+00:00,,70,Flag,DOUBLE YELLOW,Sector,7.0,,DOUBLE YELLOW IN TRACK SECTOR 7
1292,11353,2026-08-23T15:05:03+00:00,,70,Flag,DOUBLE YELLOW,Sector,8.0,,DOUBLE YELLOW IN TRACK SECTOR 8
1292,11353,2026-08-23T15:05:10+00:00,,70,Other,,,,,RECOVERY VEHICLE ON TRACK AT TURN 5
1292,11353,2026-08-23T15:05:13+00:00,,70,SafetyCar,,,,,VSC ENDING
1292,11353,2026-08-23T15:05:15+00:00,,70,Flag,CLEAR,Sector,7.0,,CLEAR IN TRACK SECTOR 7
1292,11353,2026-08-23T15:05:17+00:00,,70,Flag,CLEAR,Sector,8.0,,CLEAR IN TRACK SECTOR 8
1292,11353,2026-08-23T15:05:25+00:00,,70,Flag,CLEAR,Track,,,TRACK CLEAR
1292,11353,2026-08-23T15:05:45+00:00,27.0,71,Flag,BLUE,Driver,,,WAVED BLUE FLAG FOR CAR 27 (HUL) TIMED AT 17:05:44
1292,11353,2026-08-23T15:06:05+00:00,27.0,71,Flag,BLUE,Driver,,,WAVED BLUE FLAG FOR CAR 27 (HUL) TIMED AT 17:06:04
1292,11353,2026-08-23T15:06:10+00:00,,71,Other,,,,,TURN 1 INCIDENT INVOLVING CARS 55 (SAI) AND 23 (ALB) NOTED - CAUSING A COLLISION (17:04:55)
1292,11353,2026-08-23T15:06:16+00:00,,71,Other,,,,,FIA STEWARDS: TURN 1 INCIDENT INVOLVING CARS 55 (SAI) AND 23 (ALB) UNDER INVESTIGATION - CAUSING A COLLISION (17:04:55)
1292,11353,2026-08-23T15:06:43+00:00,,71,Other,,,,,FIA STEWARDS: 10 SECOND TIME PENALTY FOR CAR 55 (SAI) - CAUSING A COLLISION (17:04:55)
1292,11353,2026-08-23T15:07:57+00:00,43.0,72,Flag,BLUE,Driver,,,WAVED BLUE FLAG FOR CAR 43 (COL) TIMED AT 17:07:56
1292,11353,2026-08-23T15:08:13+00:00,,72,Flag,CHEQUERED,Track,,,CHEQUERED FLAG
1292,11353,2026-08-23T15:08:13.666000+00:00,,72,SessionStatus,,,,,SESSION FINISHED
1292,11353,2026-08-23T15:09:34+00:00,,72,Other,,,,,ALL PASS HOLDERS MAY ACCESS THE PIT LANE
1292,11353,2026-08-23T15:12:50+00:00,,72,Flag,DOUBLE YELLOW,Sector,5.0,,DOUBLE YELLOW IN TRACK SECTOR 5
1292,11353,2026-08-23T15:14:08+00:00,,72,Flag,DOUBLE YELLOW,Sector,16.0,,DOUBLE YELLOW IN TRACK SECTOR 16
1292,11353,2026-08-23T15:14:08+00:00,,72,Flag,DOUBLE YELLOW,Sector,17.0,,DOUBLE YELLOW IN TRACK SECTOR 17
1292,11353,2026-08-23T15:14:22+00:00,,72,Flag,CLEAR,Sector,5.0,,CLEAR IN TRACK SECTOR 5
1292,11353,2026-08-23T15:14:29+00:00,,72,Flag,DOUBLE YELLOW,Sector,11.0,,DOUBLE YELLOW IN TRACK SECTOR 11
1292,11353,2026-08-23T15:14:39+00:00,,72,Flag,YELLOW,Sector,7.0,,YELLOW IN TRACK SECTOR 7
1292,11353,2026-08-23T15:14:44+00:00,,72,Flag,DOUBLE YELLOW,Sector,7.0,,DOUBLE YELLOW IN TRACK SECTOR 7
1292,11353,2026-08-23T15:14:59+00:00,,72,Flag,DOUBLE YELLOW,Sector,5.0,,DOUBLE YELLOW IN TRACK SECTOR 5
1292,11353,2026-08-23T15:15:28+00:00,,72,Flag,CLEAR,Sector,11.0,,CLEAR IN TRACK SECTOR 11
1292,11353,2026-08-23T15:16:24+00:00,,72,Flag,DOUBLE YELLOW,Sector,15.0,,DOUBLE YELLOW IN TRACK SECTOR 15
1292,11353,2026-08-23T15:17:50+00:00,,72,Flag,CLEAR,Sector,7.0,,CLEAR IN TRACK SECTOR 7
1292,11353,2026-08-23T15:17:52+00:00,,72,Flag,DOUBLE YELLOW,Sector,7.0,,DOUBLE YELLOW IN TRACK SECTOR 7
1292,11353,2026-08-23T15:20:04+00:00,,72,Flag,DOUBLE YELLOW,Sector,11.0,,DOUBLE YELLOW IN TRACK SECTOR 11
1292,11353,2026-08-23T15:20:40+00:00,,72,Flag,YELLOW,Sector,6.0,,YELLOW IN TRACK SECTOR 6
1292,11353,2026-08-23T15:21:15+00:00,,72,Flag,YELLOW,Sector,11.0,,YELLOW IN TRACK SECTOR 11
1292,11353,2026-08-23T15:21:24+00:00,,72,Flag,CLEAR,Sector,11.0,,CLEAR IN TRACK SECTOR 11
1292,11353,2026-08-23T15:22:15+00:00,,72,Flag,CLEAR,Sector,15.0,,CLEAR IN TRACK SECTOR 15
1292,11353,2026-08-23T15:25:46+00:00,,72,Flag,CLEAR,Sector,16.0,,CLEAR IN TRACK SECTOR 16
1292,11353,2026-08-23T15:25:46+00:00,,72,Flag,CLEAR,Sector,17.0,,CLEAR IN TRACK SECTOR 17
1292,11353,2026-08-23T15:26:57+00:00,,72,Flag,DOUBLE YELLOW,Sector,16.0,,DOUBLE YELLOW IN TRACK SECTOR 16
1292,11353,2026-08-23T15:26:57+00:00,,72,Flag,DOUBLE YELLOW,Sector,17.0,,DOUBLE YELLOW IN TRACK SECTOR 17
1292,11353,2026-08-23T15:28:48+00:00,,72,Flag,CLEAR,Sector,16.0,,CLEAR IN TRACK SECTOR 16
1292,11353,2026-08-23T15:28:48+00:00,,72,Flag,CLEAR,Sector,17.0,,CLEAR IN TRACK SECTOR 17
