event_id,race,driver,lap,start_distance,plot_path,human_label_clip_yes_no,human_notes
sample_001,2026_Miami_Race,1,54,60.972225189208984,ml/reports/paper/audit_plots/sample_001.png,,
sample_002,2026_Suzuka_Race,81,12,4945.06982421875,ml/reports/paper/audit_plots/sample_002.png,,
sample_003,2026_Hungaroring_Race,18,1,842.2222290039062,ml/reports/paper/audit_plots/sample_003.png,,
sample_004,2026_Miami_Race,41,19,2666.8056640625,ml/reports/paper/audit_plots/sample_004.png,,
sample_005,2026_Melbourne_Race,63,45,2924.58349609375,ml/reports/paper/audit_plots/sample_005.png,,
sample_006,2026_Suzuka_Race,11,38,4698.88916015625,ml/reports/paper/audit_plots/sample_006.png,,
sample_007,2026_Miami_Race,1,53,2417.5,ml/reports/paper/audit_plots/sample_007.png,,
sample_008,2026_Miami_Race,6,1,607.5,ml/reports/paper/audit_plots/sample_008.png,,
sample_009,2026_Silverstone_Race,6,24,279.79168701171875,ml/reports/paper/audit_plots/sample_009.png,,
sample_010,2026_Miami_Race,41,41,2722.569580078125,ml/reports/paper/audit_plots/sample_010.png,,
sample_011,2026_Melbourne_Race,14,1,672.5694580078125,ml/reports/paper/audit_plots/sample_011.png,,
sample_012,2026_Spa-Francorchamps_Race,5,21,969.7916870117188,ml/reports/paper/audit_plots/sample_012.png,,
sample_013,2026_Suzuka_Race,30,5,4760.97216796875,ml/reports/paper/audit_plots/sample_013.png,,
sample_014,2026_Shanghai_Race,30,54,183.47222900390625,ml/reports/paper/audit_plots/sample_014.png,,
sample_015,2026_Spa-Francorchamps_Race,87,27,1805.27783203125,ml/reports/paper/audit_plots/sample_015.png,,
sample_016,2026_Suzuka_Race,12,43,4666.59716796875,ml/reports/paper/audit_plots/sample_016.png,,
sample_017,2026_Spielberg_Race,63,1,1380.2083740234375,ml/reports/paper/audit_plots/sample_017.png,,
sample_018,2026_Spa-Francorchamps_Race,30,21,1061.8055419921875,ml/reports/paper/audit_plots/sample_018.png,,
sample_019,2026_Monza_Race,43,46,592.2222290039062,ml/reports/paper/audit_plots/sample_019.png,,
sample_020,2026_Spa-Francorchamps_Race,6,1,1489.4444580078125,ml/reports/paper/audit_plots/sample_020.png,,
sample_021,2026_Spa-Francorchamps_Race,81,42,999.4444580078125,ml/reports/paper/audit_plots/sample_021.png,,
sample_022,2026_Shanghai_Race,31,1,1655.6944580078125,ml/reports/paper/audit_plots/sample_022.png,,
sample_023,2026_Silverstone_Race,16,27,330.97222900390625,ml/reports/paper/audit_plots/sample_023.png,,
sample_024,2026_Melbourne_Race,30,1,1552.77783203125,ml/reports/paper/audit_plots/sample_024.png,,
sample_025,2026_Spa-Francorchamps_Race,1,1,1789.166748046875,ml/reports/paper/audit_plots/sample_025.png,,
sample_026,2026_Spa-Francorchamps_Race,31,1,520.2083740234375,ml/reports/paper/audit_plots/sample_026.png,,
sample_027,2026_Shanghai_Race,3,1,987.2222290039062,ml/reports/paper/audit_plots/sample_027.png,,
sample_028,2026_Monza_Race,1,1,960.9722290039062,ml/reports/paper/audit_plots/sample_028.png,,
sample_029,2026_Zandvoort_Race,1,41,1392.361083984375,ml/reports/paper/audit_plots/sample_029.png,,
sample_030,2026_Madring_Race,10,35,1193.4722900390625,ml/reports/paper/audit_plots/sample_030.png,,
sample_031,2026_Monza_Race,12,37,3664.097412109375,ml/reports/paper/audit_plots/sample_031.png,,
sample_032,2026_Suzuka_Race,6,36,4735.20849609375,ml/reports/paper/audit_plots/sample_032.png,,
sample_033,2026_Spielberg_Race,63,47,1641.875,ml/reports/paper/audit_plots/sample_033.png,,
sample_034,2026_Miami_Race,55,23,4092.291748046875,ml/reports/paper/audit_plots/sample_034.png,,
sample_035,2026_Miami_Race,87,51,2427.986083984375,ml/reports/paper/audit_plots/sample_035.png,,
sample_036,2026_Montreal_Race,44,1,2216.1806640625,ml/reports/paper/audit_plots/sample_036.png,,
sample_037,2026_Zandvoort_Race,77,12,1377.0833740234375,ml/reports/paper/audit_plots/sample_037.png,,
sample_038,2026_Catalunya_Race,3,31,264.8611145019531,ml/reports/paper/audit_plots/sample_038.png,,
sample_039,2026_Shanghai_Race,55,45,4300.6943359375,ml/reports/paper/audit_plots/sample_039.png,,
sample_040,2026_Miami_Race,55,35,2502.569580078125,ml/reports/paper/audit_plots/sample_040.png,,
sample_041,2026_Hungaroring_Race,16,1,102.0138931274414,ml/reports/paper/audit_plots/sample_041.png,,
sample_042,2026_Spa-Francorchamps_Race,12,37,5793.0556640625,ml/reports/paper/audit_plots/sample_042.png,,
sample_043,2026_Spielberg_Race,12,13,3322.916748046875,ml/reports/paper/audit_plots/sample_043.png,,
sample_044,2026_Spa-Francorchamps_Race,30,37,5705.13916015625,ml/reports/paper/audit_plots/sample_044.png,,
sample_045,2026_Melbourne_Race,87,22,2930.138916015625,ml/reports/paper/audit_plots/sample_045.png,,
sample_046,2026_Madring_Race,16,44,3578.40283203125,ml/reports/paper/audit_plots/sample_046.png,,
sample_047,2026_Madring_Race,43,1,760.763916015625,ml/reports/paper/audit_plots/sample_047.png,,
sample_048,2026_Zandvoort_Race,10,1,1001.3194580078125,ml/reports/paper/audit_plots/sample_048.png,,
sample_049,2026_Suzuka_Race,23,36,4834.861328125,ml/reports/paper/audit_plots/sample_049.png,,
sample_050,2026_Silverstone_Race,3,1,460.0,ml/reports/paper/audit_plots/sample_050.png,,
sample_051,2026_Spa-Francorchamps_Race,55,26,5737.70849609375,ml/reports/paper/audit_plots/sample_051.png,,
sample_052,2026_Miami_Race,10,1,1658.888916015625,ml/reports/paper/audit_plots/sample_052.png,,
sample_053,2026_Suzuka_Race,5,53,4822.01416015625,ml/reports/paper/audit_plots/sample_053.png,,
sample_054,2026_Spa-Francorchamps_Race,23,32,909.375,ml/reports/paper/audit_plots/sample_054.png,,
sample_055,2026_Suzuka_Race,10,1,1612.4306640625,ml/reports/paper/audit_plots/sample_055.png,,
sample_056,2026_Catalunya_Race,5,48,425.27777099609375,ml/reports/paper/audit_plots/sample_056.png,,
sample_057,2026_Miami_Race,43,31,4163.0556640625,ml/reports/paper/audit_plots/sample_057.png,,
sample_058,2026_Spa-Francorchamps_Race,6,17,988.4722290039062,ml/reports/paper/audit_plots/sample_058.png,,
sample_059,2026_Zandvoort_Race,22,17,22.15277862548828,ml/reports/paper/audit_plots/sample_059.png,,
sample_060,2026_Spa-Francorchamps_Race,27,9,1004.65283203125,ml/reports/paper/audit_plots/sample_060.png,,
sample_061,2026_Baku_Race,16,1,693.1944580078125,ml/reports/paper/audit_plots/sample_061.png,,
sample_062,2026_Spa-Francorchamps_Race,11,5,5711.25,ml/reports/paper/audit_plots/sample_062.png,,
sample_063,2026_Spa-Francorchamps_Race,41,25,1030.0,ml/reports/paper/audit_plots/sample_063.png,,
sample_064,2026_Suzuka_Race,16,16,4728.1943359375,ml/reports/paper/audit_plots/sample_064.png,,
sample_065,2026_Spa-Francorchamps_Race,44,25,1025.5555419921875,ml/reports/paper/audit_plots/sample_065.png,,
sample_066,2026_Melbourne_Race,43,26,2727.638916015625,ml/reports/paper/audit_plots/sample_066.png,,
sample_067,2026_Silverstone_Race,16,42,3408.75,ml/reports/paper/audit_plots/sample_067.png,,
sample_068,2026_Catalunya_Race,87,1,299.2361145019531,ml/reports/paper/audit_plots/sample_068.png,,
sample_069,2026_Melbourne_Race,14,17,2649.375,ml/reports/paper/audit_plots/sample_069.png,,
sample_070,2026_Melbourne_Race,44,30,2833.125,ml/reports/paper/audit_plots/sample_070.png,,
sample_071,2026_Melbourne_Race,44,1,654.1666870117188,ml/reports/paper/audit_plots/sample_071.png,,
sample_072,2026_Spa-Francorchamps_Race,1,25,5695.27783203125,ml/reports/paper/audit_plots/sample_072.png,,
sample_073,2026_Hungaroring_Race,18,1,1532.916748046875,ml/reports/paper/audit_plots/sample_073.png,,
sample_074,2026_Zandvoort_Race,27,1,1070.90283203125,ml/reports/paper/audit_plots/sample_074.png,,
sample_075,2026_Montreal_Race,12,62,3648.75,ml/reports/paper/audit_plots/sample_075.png,,
sample_076,2026_Monza_Race,22,12,1460.27783203125,ml/reports/paper/audit_plots/sample_076.png,,
sample_077,2026_Spielberg_Race,23,1,768.75,ml/reports/paper/audit_plots/sample_077.png,,
sample_078,2026_Spa-Francorchamps_Race,10,15,5637.63916015625,ml/reports/paper/audit_plots/sample_078.png,,
sample_079,2026_Zandvoort_Race,12,23,1340.90283203125,ml/reports/paper/audit_plots/sample_079.png,,
sample_080,2026_Silverstone_Race,16,21,3471.875,ml/reports/paper/audit_plots/sample_080.png,,
sample_081,2026_Suzuka_Race,43,1,2326.041748046875,ml/reports/paper/audit_plots/sample_081.png,,
sample_082,2026_Madring_Race,30,49,1174.791748046875,ml/reports/paper/audit_plots/sample_082.png,,
sample_083,2026_Monza_Race,43,47,612.361083984375,ml/reports/paper/audit_plots/sample_083.png,,
sample_084,2026_Suzuka_Race,1,1,11216.6669921875,ml/reports/paper/audit_plots/sample_084.png,,
sample_085,2026_Silverstone_Race,41,30,3395.694580078125,ml/reports/paper/audit_plots/sample_085.png,,
sample_086,2026_Madring_Race,27,37,1189.9305419921875,ml/reports/paper/audit_plots/sample_086.png,,
sample_087,2026_Silverstone_Race,31,1,1149.166748046875,ml/reports/paper/audit_plots/sample_087.png,,
sample_088,2026_Melbourne_Race,30,3,2849.3056640625,ml/reports/paper/audit_plots/sample_088.png,,
sample_089,2026_Spa-Francorchamps_Race,12,29,6021.38916015625,ml/reports/paper/audit_plots/sample_089.png,,
sample_090,2026_Silverstone_Race,43,25,524.4444580078125,ml/reports/paper/audit_plots/sample_090.png,,
sample_091,2026_Suzuka_Race,55,21,5067.01416015625,ml/reports/paper/audit_plots/sample_091.png,,
sample_092,2026_Hungaroring_Race,16,1,793.5416870117188,ml/reports/paper/audit_plots/sample_092.png,,
sample_093,2026_Melbourne_Race,30,19,2633.47216796875,ml/reports/paper/audit_plots/sample_093.png,,
sample_094,2026_Hungaroring_Race,18,1,284.8611145019531,ml/reports/paper/audit_plots/sample_094.png,,
sample_095,2026_Spa-Francorchamps_Race,27,1,2678.611083984375,ml/reports/paper/audit_plots/sample_095.png,,
sample_096,2026_Monza_Race,27,33,509.72222900390625,ml/reports/paper/audit_plots/sample_096.png,,
sample_097,2026_Montreal_Race,3,57,3368.611083984375,ml/reports/paper/audit_plots/sample_097.png,,
sample_098,2026_Suzuka_Race,14,34,4743.611328125,ml/reports/paper/audit_plots/sample_098.png,,
sample_099,2026_Catalunya_Race,16,1,321.04168701171875,ml/reports/paper/audit_plots/sample_099.png,,
sample_100,2026_Suzuka_Race,14,1,241.80555725097656,ml/reports/paper/audit_plots/sample_100.png,,
sample_101,2026_Miami_Race,43,47,4527.01416015625,ml/reports/paper/audit_plots/sample_101.png,,
sample_102,2026_Zandvoort_Race,41,38,1332.916748046875,ml/reports/paper/audit_plots/sample_102.png,,
sample_103,2026_Monza_Race,44,17,3659.02783203125,ml/reports/paper/audit_plots/sample_103.png,,
sample_104,2026_Monza_Race,87,51,3469.3056640625,ml/reports/paper/audit_plots/sample_104.png,,
sample_105,2026_Spielberg_Race,18,1,745.9027709960938,ml/reports/paper/audit_plots/sample_105.png,,
sample_106,2026_Zandvoort_Race,1,55,21.94444465637207,ml/reports/paper/audit_plots/sample_106.png,,
sample_107,2026_Hungaroring_Race,14,1,805.138916015625,ml/reports/paper/audit_plots/sample_107.png,,
sample_108,2026_Spielberg_Race,43,1,800.0694580078125,ml/reports/paper/audit_plots/sample_108.png,,
sample_109,2026_Spa-Francorchamps_Race,12,44,997.5694580078125,ml/reports/paper/audit_plots/sample_109.png,,
sample_110,2026_Suzuka_Race,10,42,4716.25,ml/reports/paper/audit_plots/sample_110.png,,
sample_111,2026_Miami_Race,11,54,2775.347412109375,ml/reports/paper/audit_plots/sample_111.png,,
sample_112,2026_Spielberg_Race,18,1,1568.75,ml/reports/paper/audit_plots/sample_112.png,,
sample_113,2026_Madring_Race,43,23,1130.5555419921875,ml/reports/paper/audit_plots/sample_113.png,,
sample_114,2026_Melbourne_Race,3,1,1775.3472900390625,ml/reports/paper/audit_plots/sample_114.png,,
sample_115,2026_Spa-Francorchamps_Race,87,9,5745.83349609375,ml/reports/paper/audit_plots/sample_115.png,,
sample_116,2026_Zandvoort_Race,31,1,1066.875,ml/reports/paper/audit_plots/sample_116.png,,
sample_117,2026_Melbourne_Race,44,55,3025.83349609375,ml/reports/paper/audit_plots/sample_117.png,,
sample_118,2026_Miami_Race,81,1,2647.013916015625,ml/reports/paper/audit_plots/sample_118.png,,
sample_119,2026_Monza_Race,22,23,1480.0,ml/reports/paper/audit_plots/sample_119.png,,
sample_120,2026_Miami_Race,55,18,4137.5693359375,ml/reports/paper/audit_plots/sample_120.png,,
sample_121,2026_Spa-Francorchamps_Race,44,35,5787.22216796875,ml/reports/paper/audit_plots/sample_121.png,,
sample_122,2026_Zandvoort_Race,41,10,1350.27783203125,ml/reports/paper/audit_plots/sample_122.png,,
sample_123,2026_Monza_Race,87,12,3669.65283203125,ml/reports/paper/audit_plots/sample_123.png,,
sample_124,2026_Zandvoort_Race,55,40,1336.25,ml/reports/paper/audit_plots/sample_124.png,,
sample_125,2026_Spa-Francorchamps_Race,12,8,5701.111328125,ml/reports/paper/audit_plots/sample_125.png,,
sample_126,2026_Monza_Race,12,11,4870.20849609375,ml/reports/paper/audit_plots/sample_126.png,,
sample_127,2026_Zandvoort_Race,55,1,1087.291748046875,ml/reports/paper/audit_plots/sample_127.png,,
sample_128,2026_Madring_Race,30,1,739.6527709960938,ml/reports/paper/audit_plots/sample_128.png,,
sample_129,2026_Spa-Francorchamps_Race,77,30,921.9444580078125,ml/reports/paper/audit_plots/sample_129.png,,
sample_130,2026_Shanghai_Race,55,49,4198.5419921875,ml/reports/paper/audit_plots/sample_130.png,,
sample_131,2026_Spielberg_Race,23,1,1816.1112060546875,ml/reports/paper/audit_plots/sample_131.png,,
sample_132,2026_Monte_Carlo_Race,63,1,366.9444580078125,ml/reports/paper/audit_plots/sample_132.png,,
sample_133,2026_Montreal_Race,6,35,3335.83349609375,ml/reports/paper/audit_plots/sample_133.png,,
sample_134,2026_Zandvoort_Race,14,1,1019.1666870117188,ml/reports/paper/audit_plots/sample_134.png,,
sample_135,2026_Hungaroring_Race,63,50,888.4722290039062,ml/reports/paper/audit_plots/sample_135.png,,
sample_136,2026_Suzuka_Race,77,51,3425.694580078125,ml/reports/paper/audit_plots/sample_136.png,,
sample_137,2026_Monza_Race,23,1,1072.291748046875,ml/reports/paper/audit_plots/sample_137.png,,
sample_138,2026_Catalunya_Race,5,1,388.75,ml/reports/paper/audit_plots/sample_138.png,,
sample_139,2026_Spa-Francorchamps_Race,81,37,5775.97216796875,ml/reports/paper/audit_plots/sample_139.png,,
sample_140,2026_Monza_Race,5,1,2334.02783203125,ml/reports/paper/audit_plots/sample_140.png,,
sample_141,2026_Melbourne_Race,1,49,3783.611083984375,ml/reports/paper/audit_plots/sample_141.png,,
sample_142,2026_Suzuka_Race,5,17,3406.1806640625,ml/reports/paper/audit_plots/sample_142.png,,
sample_143,2026_Hungaroring_Race,23,1,418.75,ml/reports/paper/audit_plots/sample_143.png,,
sample_144,2026_Hungaroring_Race,23,1,882.8472290039062,ml/reports/paper/audit_plots/sample_144.png,,
sample_145,2026_Spa-Francorchamps_Race,14,38,5756.31982421875,ml/reports/paper/audit_plots/sample_145.png,,
sample_146,2026_Monza_Race,12,50,1831.3194580078125,ml/reports/paper/audit_plots/sample_146.png,,
sample_147,2026_Silverstone_Race,77,1,324.2361145019531,ml/reports/paper/audit_plots/sample_147.png,,
sample_148,2026_Madring_Race,31,38,1204.861083984375,ml/reports/paper/audit_plots/sample_148.png,,
sample_149,2026_Miami_Race,41,27,2596.388916015625,ml/reports/paper/audit_plots/sample_149.png,,
sample_150,2026_Madring_Race,44,1,719.3056030273438,ml/reports/paper/audit_plots/sample_150.png,,
