date,session_key,wind_direction,rainfall,meeting_key,air_temperature,humidity,pressure,track_temperature,wind_speed
2026-07-26T12:09:41.419000+00:00,11342,145,0,1291,30.0,25.6,980.6,51.3,1.9
2026-07-26T12:10:41.416000+00:00,11342,156,0,1291,30.0,25.5,980.5,51.1,2.7
2026-07-26T12:11:41.415000+00:00,11342,126,0,1291,29.8,25.9,980.5,50.6,2.3
2026-07-26T12:12:41.419000+00:00,11342,79,0,1291,29.7,26.2,980.5,49.7,2.1
2026-07-26T12:13:41.432000+00:00,11342,149,0,1291,29.8,25.8,980.5,48.6,3.1
2026-07-26T12:14:41.442000+00:00,11342,116,0,1291,29.7,26.1,980.5,50.3,1.1
2026-07-26T12:15:41.450000+00:00,11342,118,0,1291,29.6,26.1,980.5,50.7,1.4
2026-07-26T12:16:41.456000+00:00,11342,110,0,1291,29.7,25.6,980.5,50.4,3.2
2026-07-26T12:17:41.463000+00:00,11342,161,0,1291,29.7,25.8,980.5,52.3,3.9
2026-07-26T12:18:41.471000+00:00,11342,138,0,1291,29.7,26.0,980.5,50.6,2.0
2026-07-26T12:19:41.478000+00:00,11342,134,0,1291,29.8,25.3,980.4,50.1,0.9
2026-07-26T12:20:41.478000+00:00,11342,162,0,1291,29.8,25.7,980.5,51.4,2.0
2026-07-26T12:21:41.503000+00:00,11342,83,0,1291,29.7,26.4,980.4,49.2,3.7
2026-07-26T12:22:41.513000+00:00,11342,119,0,1291,29.7,26.1,980.4,51.5,2.3
2026-07-26T12:23:41.528000+00:00,11342,116,0,1291,29.8,25.7,980.4,51.6,0.8
2026-07-26T12:24:41.513000+00:00,11342,104,0,1291,29.9,26.1,980.4,51.9,2.1
2026-07-26T12:25:41.542000+00:00,11342,115,0,1291,30.0,26.1,980.3,52.3,2.6
2026-07-26T12:26:41.556000+00:00,11342,119,0,1291,30.1,26.1,980.4,53.1,1.9
2026-07-26T12:27:41.558000+00:00,11342,153,0,1291,30.2,25.2,980.3,53.2,1.2
2026-07-26T12:28:41.572000+00:00,11342,134,0,1291,30.2,25.8,980.3,52.6,3.3
2026-07-26T12:29:41.572000+00:00,11342,157,0,1291,30.4,24.9,980.5,51.5,4.4
2026-07-26T12:30:41.575000+00:00,11342,122,0,1291,30.4,25.0,980.5,51.9,2.9
2026-07-26T12:31:41.584000+00:00,11342,100,0,1291,30.4,25.1,980.4,52.0,2.0
2026-07-26T12:32:41.588000+00:00,11342,102,0,1291,30.4,25.2,980.4,50.5,4.3
2026-07-26T12:33:41.588000+00:00,11342,125,0,1291,30.4,25.9,980.4,51.7,2.8
2026-07-26T12:34:41.594000+00:00,11342,163,0,1291,30.4,25.8,980.5,52.0,2.7
2026-07-26T12:35:41.591000+00:00,11342,128,0,1291,30.4,25.5,980.3,52.0,2.9
2026-07-26T12:36:41.603000+00:00,11342,144,0,1291,30.4,25.6,980.3,52.4,2.8
2026-07-26T12:37:41.602000+00:00,11342,129,0,1291,30.5,25.4,980.2,52.0,2.1
2026-07-26T12:38:41.579000+00:00,11342,109,0,1291,30.3,25.2,980.3,52.5,3.7
2026-07-26T12:39:41.594000+00:00,11342,114,0,1291,30.2,25.2,980.2,52.6,2.7
2026-07-26T12:40:41.600000+00:00,11342,107,0,1291,30.2,25.0,980.2,52.0,2.8
2026-07-26T12:41:41.600000+00:00,11342,136,0,1291,30.2,25.3,980.2,51.1,2.4
2026-07-26T12:42:41.591000+00:00,11342,100,0,1291,30.2,25.8,980.2,44.2,2.0
2026-07-26T12:43:41.591000+00:00,11342,140,0,1291,30.2,25.6,980.1,52.1,2.4
2026-07-26T12:44:41.602000+00:00,11342,143,0,1291,30.2,25.6,980.2,52.1,0.5
2026-07-26T12:45:41.608000+00:00,11342,83,0,1291,30.2,25.7,980.3,51.8,2.4
2026-07-26T12:46:41.603000+00:00,11342,132,0,1291,30.4,26.0,980.3,52.7,3.0
2026-07-26T12:47:41.591000+00:00,11342,152,0,1291,30.7,25.0,980.4,52.6,2.5
2026-07-26T12:48:41.603000+00:00,11342,97,0,1291,30.7,24.5,980.2,51.2,2.7
2026-07-26T12:49:41.602000+00:00,11342,161,0,1291,30.7,25.1,980.2,52.5,2.4
2026-07-26T12:50:41.603000+00:00,11342,180,0,1291,30.8,24.8,980.3,51.0,4.1
2026-07-26T12:51:41.606000+00:00,11342,206,0,1291,30.7,24.5,980.4,50.7,1.7
2026-07-26T12:52:41.603000+00:00,11342,206,0,1291,29.8,24.5,980.4,50.7,1.7
2026-07-26T12:53:41.602000+00:00,11342,105,0,1291,30.3,25.3,980.3,52.2,1.7
2026-07-26T12:54:41.614000+00:00,11342,124,0,1291,30.2,25.6,980.4,52.5,1.2
2026-07-26T12:55:41.614000+00:00,11342,105,0,1291,30.2,25.0,980.3,50.8,2.8
2026-07-26T12:56:41.614000+00:00,11342,70,0,1291,30.2,25.1,980.2,51.2,1.4
2026-07-26T12:57:41.628000+00:00,11342,97,0,1291,30.3,26.0,980.2,52.3,1.1
2026-07-26T12:58:41.634000+00:00,11342,109,0,1291,30.4,25.6,980.2,51.3,3.5
2026-07-26T12:59:41.652000+00:00,11342,113,0,1291,30.4,25.3,980.2,52.5,1.6
2026-07-26T13:00:41.665000+00:00,11342,155,0,1291,30.3,25.1,980.2,51.5,1.1
2026-07-26T13:01:41.666000+00:00,11342,104,0,1291,30.2,25.8,980.1,52.1,2.7
2026-07-26T13:02:41.657000+00:00,11342,108,0,1291,30.4,25.6,980.2,52.0,2.7
2026-07-26T13:03:41.658000+00:00,11342,118,0,1291,30.4,25.2,980.2,52.8,4.7
2026-07-26T13:04:41.662000+00:00,11342,107,0,1291,30.4,25.0,980.1,51.4,4.7
2026-07-26T13:05:41.677000+00:00,11342,107,0,1291,31.0,25.0,980.1,51.4,4.7
2026-07-26T13:06:41.700000+00:00,11342,125,0,1291,30.4,25.9,980.2,52.1,2.4
2026-07-26T13:07:41.702000+00:00,11342,131,0,1291,30.5,25.9,980.1,53.1,3.2
2026-07-26T13:08:41.718000+00:00,11342,120,0,1291,30.5,25.4,980.1,52.7,2.0
2026-07-26T13:09:41.730000+00:00,11342,139,0,1291,30.6,25.5,980.1,52.9,3.2
2026-07-26T13:10:41.743000+00:00,11342,120,0,1291,30.6,25.2,980.0,52.7,2.2
2026-07-26T13:11:41.743000+00:00,11342,145,0,1291,30.6,25.2,980.1,52.3,4.3
2026-07-26T13:12:41.741000+00:00,11342,93,0,1291,30.7,25.0,980.2,51.0,2.3
2026-07-26T13:13:41.743000+00:00,11342,130,0,1291,30.7,25.1,980.1,51.7,1.7
2026-07-26T13:14:41.743000+00:00,11342,128,0,1291,30.7,25.2,980.0,51.7,0.8
2026-07-26T13:15:41.751000+00:00,11342,134,0,1291,30.7,25.5,980.0,52.8,2.0
2026-07-26T13:16:41.755000+00:00,11342,134,0,1291,30.7,25.7,980.1,51.0,3.0
2026-07-26T13:17:41.805000+00:00,11342,175,0,1291,30.8,25.2,980.1,51.4,3.0
2026-07-26T13:18:41.834000+00:00,11342,128,0,1291,30.7,25.7,980.0,51.1,3.1
2026-07-26T13:19:41.853000+00:00,11342,58,0,1291,30.8,25.9,980.0,50.5,0.5
2026-07-26T13:20:41.883000+00:00,11342,153,0,1291,30.9,26.3,980.1,52.4,2.4
2026-07-26T13:21:41.882000+00:00,11342,153,0,1291,30.9,25.4,980.0,51.0,2.8
2026-07-26T13:22:41.883000+00:00,11342,79,0,1291,30.8,25.6,980.1,51.6,1.4
2026-07-26T13:23:41.883000+00:00,11342,123,0,1291,30.8,25.8,980.0,52.5,1.3
2026-07-26T13:24:41.902000+00:00,11342,101,0,1291,30.9,25.4,980.0,51.4,1.4
2026-07-26T13:25:41.930000+00:00,11342,121,0,1291,30.9,25.8,980.0,52.9,0.6
2026-07-26T13:26:41.932000+00:00,11342,195,0,1291,31.0,24.8,980.1,52.3,2.2
2026-07-26T13:27:41.937000+00:00,11342,147,0,1291,31.1,25.1,980.0,52.3,3.0
2026-07-26T13:28:41.925000+00:00,11342,147,0,1291,31.1,25.1,980.0,52.3,3.0
2026-07-26T13:29:41.935000+00:00,11342,108,0,1291,31.3,24.6,979.9,51.6,1.8
2026-07-26T13:30:41.933000+00:00,11342,108,0,1291,31.5,24.6,979.9,51.6,1.8
2026-07-26T13:31:41.933000+00:00,11342,151,0,1291,31.1,24.7,980.0,52.4,1.1
2026-07-26T13:32:41.935000+00:00,11342,151,0,1291,30.9,24.7,980.0,52.4,1.1
2026-07-26T13:33:41.936000+00:00,11342,156,0,1291,31.1,25.1,980.0,52.1,3.5
2026-07-26T13:34:41.946000+00:00,11342,156,0,1291,30.8,25.1,980.0,52.1,3.5
2026-07-26T13:35:41.949000+00:00,11342,156,0,1291,31.3,25.7,980.0,51.9,3.3
2026-07-26T13:36:41.936000+00:00,11342,156,0,1291,31.1,25.7,980.0,51.9,3.3
2026-07-26T13:37:41.959000+00:00,11342,115,0,1291,31.3,25.5,980.0,49.6,2.3
2026-07-26T13:38:41.978000+00:00,11342,111,0,1291,31.0,25.9,980.0,49.8,1.6
2026-07-26T13:39:41.987000+00:00,11342,115,0,1291,31.0,26.1,980.0,50.7,1.7
2026-07-26T13:40:41.980000+00:00,11342,94,0,1291,30.9,26.1,979.9,50.7,2.5
2026-07-26T13:41:41.987000+00:00,11342,107,0,1291,30.7,25.9,980.0,50.6,3.1
2026-07-26T13:42:42.012000+00:00,11342,132,0,1291,30.8,26.2,979.9,51.3,3.3
2026-07-26T13:43:42.008000+00:00,11342,109,0,1291,30.9,25.6,979.7,50.0,3.7
2026-07-26T13:44:42.029000+00:00,11342,106,0,1291,31.0,25.6,979.9,50.5,2.0
2026-07-26T13:45:42.036000+00:00,11342,130,0,1291,31.1,25.8,979.9,51.2,3.5
2026-07-26T13:46:42.016000+00:00,11342,116,0,1291,31.1,25.4,979.9,50.3,1.8
2026-07-26T13:47:42.041000+00:00,11342,116,0,1291,31.5,25.4,979.9,50.3,1.8
2026-07-26T13:48:42.055000+00:00,11342,148,0,1291,31.0,25.9,979.8,51.1,1.3
2026-07-26T13:49:42.069000+00:00,11342,128,0,1291,31.2,25.2,979.9,51.1,0.6
2026-07-26T13:50:42.071000+00:00,11342,166,0,1291,31.3,25.4,979.8,49.1,4.6
2026-07-26T13:51:42.070000+00:00,11342,128,0,1291,31.1,25.4,979.9,49.2,1.8
2026-07-26T13:52:42.082000+00:00,11342,118,0,1291,31.0,25.4,980.0,48.5,0.9
2026-07-26T13:53:42.114000+00:00,11342,76,0,1291,31.1,25.9,979.9,48.7,4.1
2026-07-26T13:54:42.120000+00:00,11342,76,0,1291,30.4,25.9,979.9,48.7,4.1
2026-07-26T13:55:42.117000+00:00,11342,158,0,1291,31.0,26.0,979.9,50.3,2.4
2026-07-26T13:56:42.155000+00:00,11342,115,0,1291,31.3,25.8,979.7,49.7,1.7
2026-07-26T13:57:42.157000+00:00,11342,73,0,1291,31.0,25.8,979.8,49.8,1.5
2026-07-26T13:58:42.159000+00:00,11342,161,0,1291,31.0,25.6,979.8,50.9,3.1
2026-07-26T14:00:42.160000+00:00,11342,140,0,1291,31.0,25.7,979.8,49.3,2.8
2026-07-26T14:01:42.165000+00:00,11342,122,0,1291,31.0,26.0,979.7,49.7,2.0
2026-07-26T14:02:42.156000+00:00,11342,124,0,1291,31.0,26.0,979.8,49.6,2.2
2026-07-26T14:03:42.158000+00:00,11342,129,0,1291,31.0,26.1,979.8,49.9,1.9
2026-07-26T14:04:42.169000+00:00,11342,129,0,1291,31.4,26.1,979.8,49.9,1.9
2026-07-26T14:05:42.164000+00:00,11342,173,0,1291,31.1,26.0,979.8,50.3,2.1
2026-07-26T14:06:42.173000+00:00,11342,109,0,1291,31.0,25.5,979.8,50.5,1.2
2026-07-26T14:07:42.190000+00:00,11342,118,0,1291,31.0,25.0,979.8,50.5,0.5
2026-07-26T14:08:42.218000+00:00,11342,159,0,1291,31.1,24.7,979.7,50.4,1.0
2026-07-26T14:09:42.213000+00:00,11342,158,0,1291,31.1,25.5,979.6,50.8,2.0
2026-07-26T14:10:42.213000+00:00,11342,123,0,1291,31.2,24.8,979.7,50.4,1.8
2026-07-26T14:11:42.213000+00:00,11342,166,0,1291,31.2,25.1,979.7,50.5,3.2
2026-07-26T14:12:42.226000+00:00,11342,132,0,1291,31.3,25.1,979.7,48.4,1.6
2026-07-26T14:13:42.226000+00:00,11342,92,0,1291,31.3,25.5,979.7,47.8,2.5
2026-07-26T14:14:42.265000+00:00,11342,132,0,1291,31.3,25.7,979.6,49.4,2.2
2026-07-26T14:15:42.258000+00:00,11342,102,0,1291,31.4,25.8,979.5,49.0,3.1
2026-07-26T14:16:42.262000+00:00,11342,136,0,1291,31.3,25.2,979.5,49.4,2.7
2026-07-26T14:17:42.254000+00:00,11342,136,0,1291,31.6,25.2,979.5,49.4,2.7
2026-07-26T14:18:42.268000+00:00,11342,142,0,1291,31.4,25.2,979.5,48.4,1.3
2026-07-26T14:19:42.268000+00:00,11342,106,0,1291,31.3,25.6,979.5,47.2,3.3
2026-07-26T14:20:42.283000+00:00,11342,124,0,1291,31.2,25.9,979.5,47.5,4.3
2026-07-26T14:21:42.287000+00:00,11342,123,0,1291,31.2,26.0,979.5,48.7,2.7
2026-07-26T14:22:42.302000+00:00,11342,123,0,1291,31.3,26.0,979.5,48.7,2.7
2026-07-26T14:23:42.314000+00:00,11342,133,0,1291,31.4,25.6,979.6,47.0,2.9
2026-07-26T14:24:42.339000+00:00,11342,108,0,1291,31.3,25.5,979.6,46.6,0.8
2026-07-26T14:25:42.338000+00:00,11342,103,0,1291,31.1,26.1,979.6,46.6,2.5
2026-07-26T14:26:42.354000+00:00,11342,77,0,1291,31.1,26.5,979.5,47.8,1.8
2026-07-26T14:27:42.357000+00:00,11342,150,0,1291,31.1,26.3,979.5,48.0,3.9
2026-07-26T14:28:42.351000+00:00,11342,145,0,1291,31.1,26.2,979.6,48.3,2.5
2026-07-26T14:29:42.353000+00:00,11342,85,0,1291,31.1,25.7,979.5,48.2,1.5
2026-07-26T14:30:42.368000+00:00,11342,180,0,1291,31.1,26.2,979.6,48.5,2.1
2026-07-26T14:31:42.398000+00:00,11342,171,0,1291,31.1,26.1,979.5,48.6,2.4
2026-07-26T14:32:42.409000+00:00,11342,108,0,1291,31.2,26.4,979.5,48.5,1.1
2026-07-26T14:33:42.399000+00:00,11342,153,0,1291,31.3,26.3,979.4,49.3,0.9
2026-07-26T14:34:42.394000+00:00,11342,114,0,1291,31.3,25.9,979.4,49.3,1.6
2026-07-26T14:35:42.395000+00:00,11342,144,0,1291,31.3,26.2,979.4,48.1,1.5
2026-07-26T14:36:42.400000+00:00,11342,155,0,1291,31.4,26.0,979.4,49.2,3.0
2026-07-26T14:37:42.416000+00:00,11342,113,0,1291,31.5,26.0,979.4,49.1,1.8
2026-07-26T14:38:42.439000+00:00,11342,153,0,1291,31.6,25.6,979.4,48.5,2.7
2026-07-26T14:39:42.441000+00:00,11342,130,0,1291,31.5,25.9,979.5,47.8,1.9
2026-07-26T14:40:42.441000+00:00,11342,127,0,1291,31.5,26.0,979.3,48.5,2.9
2026-07-26T14:41:42.435000+00:00,11342,122,0,1291,31.5,25.7,979.5,46.6,3.6
2026-07-26T14:42:42.436000+00:00,11342,118,0,1291,31.4,26.4,979.4,46.5,3.2
2026-07-26T14:43:42.441000+00:00,11342,130,0,1291,31.3,26.6,979.5,46.3,2.8
2026-07-26T14:44:42.447000+00:00,11342,121,0,1291,31.3,26.8,979.4,46.9,3.3
2026-07-26T14:45:42.458000+00:00,11342,125,0,1291,31.3,26.6,979.4,47.0,1.9
