date,session_key,air_temperature,humidity,track_temperature,wind_direction,wind_speed,pressure,meeting_key,rainfall
2026-09-13T12:06:39.877000+00:00,11369,28.7,30.3,50.1,67,4.0,946.0,1294,0
2026-09-13T12:07:39.903000+00:00,11369,28.8,30.1,49.6,36,2.6,946.1,1294,0
2026-09-13T12:08:39.925000+00:00,11369,28.8,29.9,50.6,287,2.0,946.2,1294,0
2026-09-13T12:09:39.921000+00:00,11369,28.8,29.8,50.8,67,2.7,946.1,1294,0
2026-09-13T12:10:39.915000+00:00,11369,28.7,29.5,50.9,67,1.9,946.0,1294,0
2026-09-13T12:11:39.921000+00:00,11369,28.7,29.7,51.5,0,0.0,946.0,1294,0
2026-09-13T12:12:39.909000+00:00,11369,28.8,29.5,51.7,0,0.0,946.0,1294,0
2026-09-13T12:13:39.916000+00:00,11369,28.9,29.0,51.5,91,1.1,946.0,1294,0
2026-09-13T12:14:39.941000+00:00,11369,29.1,28.7,51.6,61,3.4,946.0,1294,0
2026-09-13T12:15:39.966000+00:00,11369,29.1,28.4,51.7,80,2.0,945.9,1294,0
2026-09-13T12:16:39.967000+00:00,11369,29.1,28.3,50.8,43,3.1,946.0,1294,0
2026-09-13T12:17:39.991000+00:00,11369,29.0,28.4,50.5,13,0.9,946.0,1294,0
2026-09-13T12:18:40.024000+00:00,11369,28.9,28.8,51.5,69,2.2,946.0,1294,0
2026-09-13T12:19:40.008000+00:00,11369,29.0,28.9,51.5,21,0.9,945.9,1294,0
2026-09-13T12:20:40.018000+00:00,11369,29.0,28.7,51.7,61,1.7,945.9,1294,0
2026-09-13T12:21:40.002000+00:00,11369,29.1,28.5,51.8,51,1.4,946.0,1294,0
2026-09-13T12:22:40.008000+00:00,11369,29.2,29.0,51.9,0,0.0,945.9,1294,0
2026-09-13T12:23:40.011000+00:00,11369,29.4,28.6,52.1,290,3.5,945.9,1294,0
2026-09-13T12:24:40.020000+00:00,11369,29.4,27.4,52.0,96,1.3,945.8,1294,0
2026-09-13T12:25:40.018000+00:00,11369,29.6,27.4,51.8,91,0.4,945.9,1294,0
2026-09-13T12:26:40.004000+00:00,11369,29.7,27.9,52.1,277,1.0,945.9,1294,0
2026-09-13T12:27:40.015000+00:00,11369,29.8,27.4,52.5,328,1.0,945.9,1294,0
2026-09-13T12:28:40.013000+00:00,11369,29.9,27.0,51.6,207,0.5,945.8,1294,0
2026-09-13T12:29:40.020000+00:00,11369,29.9,27.1,51.8,0,0.0,945.8,1294,0
2026-09-13T12:30:40.007000+00:00,11369,29.8,27.0,50.8,331,0.8,945.8,1294,0
2026-09-13T12:31:40.013000+00:00,11369,29.8,26.9,52.6,35,0.3,945.7,1294,0
2026-09-13T12:32:40.020000+00:00,11369,29.8,27.0,52.5,0,0.0,945.8,1294,0
2026-09-13T12:33:40.029000+00:00,11369,29.8,26.8,52.7,120,1.1,945.8,1294,0
2026-09-13T12:34:40.029000+00:00,11369,29.8,26.0,52.6,91,2.4,945.7,1294,0
2026-09-13T12:35:40.051000+00:00,11369,29.9,26.6,52.5,89,0.4,945.8,1294,0
2026-09-13T12:36:40.074000+00:00,11369,29.9,25.4,52.3,47,3.3,945.6,1294,0
2026-09-13T12:37:40.055000+00:00,11369,29.9,24.9,51.7,49,1.2,945.9,1294,0
2026-09-13T12:38:40.070000+00:00,11369,29.8,24.7,52.3,97,0.9,945.7,1294,0
2026-09-13T12:39:40.085000+00:00,11369,30.0,25.0,52.7,308,3.6,945.7,1294,0
2026-09-13T12:40:40.121000+00:00,11369,30.1,24.7,52.3,289,2.2,945.8,1294,0
2026-09-13T12:41:40.125000+00:00,11369,30.0,24.7,52.8,352,0.4,945.7,1294,0
2026-09-13T12:42:40.109000+00:00,11369,29.9,24.8,52.3,316,1.5,945.7,1294,0
2026-09-13T12:43:40.150000+00:00,11369,30.0,24.4,52.6,294,2.8,945.6,1294,0
2026-09-13T12:44:40.113000+00:00,11369,30.1,24.1,52.3,59,2.8,945.7,1294,0
2026-09-13T12:45:40.114000+00:00,11369,30.1,24.3,52.7,276,1.4,945.6,1294,0
2026-09-13T12:46:40.113000+00:00,11369,30.3,24.2,52.8,316,1.4,945.6,1294,0
2026-09-13T12:47:40.118000+00:00,11369,30.2,24.7,52.8,339,2.7,945.6,1294,0
2026-09-13T12:48:40.117000+00:00,11369,30.3,24.6,52.7,52,1.4,945.6,1294,0
2026-09-13T12:49:40.128000+00:00,11369,30.2,24.7,52.9,289,0.8,945.5,1294,0
2026-09-13T12:50:40.134000+00:00,11369,30.4,25.0,53.0,286,4.1,945.7,1294,0
2026-09-13T12:51:40.129000+00:00,11369,30.3,24.2,52.7,279,2.6,945.6,1294,0
2026-09-13T12:52:40.135000+00:00,11369,30.1,24.5,52.9,287,0.6,945.6,1294,0
2026-09-13T12:53:40.142000+00:00,11369,30.1,24.0,53.1,245,0.4,945.6,1294,0
2026-09-13T12:54:40.139000+00:00,11369,30.2,24.3,53.3,283,1.4,945.6,1294,0
2026-09-13T12:55:40.149000+00:00,11369,30.3,24.2,52.9,278,2.5,945.5,1294,0
2026-09-13T12:56:40.167000+00:00,11369,30.1,24.0,53.1,279,1.4,945.6,1294,0
2026-09-13T12:57:40.162000+00:00,11369,30.1,24.5,53.2,12,1.8,945.6,1294,0
2026-09-13T12:58:40.164000+00:00,11369,30.0,24.8,53.4,110,0.8,945.5,1294,0
2026-09-13T12:59:40.190000+00:00,11369,30.0,24.7,53.3,276,1.3,945.5,1294,0
2026-09-13T13:00:40.189000+00:00,11369,30.1,24.8,53.5,334,0.5,945.5,1294,0
2026-09-13T13:01:40.198000+00:00,11369,30.2,24.5,53.7,280,1.0,945.5,1294,0
2026-09-13T13:02:40.208000+00:00,11369,30.3,24.1,54.2,249,0.9,945.5,1294,0
2026-09-13T13:03:40.235000+00:00,11369,30.4,23.5,54.3,276,0.9,945.5,1294,0
2026-09-13T13:04:40.238000+00:00,11369,30.5,23.3,54.5,0,0.0,945.4,1294,0
2026-09-13T13:05:40.263000+00:00,11369,30.6,22.3,54.0,31,2.4,945.6,1294,0
2026-09-13T13:06:40.280000+00:00,11369,30.6,22.0,53.3,207,0.7,945.4,1294,0
2026-09-13T13:07:40.263000+00:00,11369,30.6,22.9,53.6,295,1.5,945.5,1294,0
2026-09-13T13:08:40.273000+00:00,11369,30.7,22.4,54.0,278,0.9,945.5,1294,0
2026-09-13T13:09:40.289000+00:00,11369,30.5,22.6,53.6,52,0.7,945.5,1294,0
2026-09-13T13:10:40.299000+00:00,11369,30.3,23.3,53.6,51,1.6,945.4,1294,0
2026-09-13T13:11:40.291000+00:00,11369,30.2,23.4,53.6,63,0.9,945.4,1294,0
2026-09-13T13:12:40.290000+00:00,11369,30.1,23.6,53.9,253,2.0,945.4,1294,0
2026-09-13T13:13:40.310000+00:00,11369,30.1,23.0,53.8,312,0.6,945.2,1294,0
2026-09-13T13:14:40.304000+00:00,11369,30.0,23.6,54.0,64,0.9,945.3,1294,0
2026-09-13T13:15:40.319000+00:00,11369,30.1,23.4,54.1,59,1.0,945.3,1294,0
2026-09-13T13:16:40.295000+00:00,11369,30.3,22.9,53.9,66,1.8,945.3,1294,0
2026-09-13T13:17:40.295000+00:00,11369,30.5,22.9,53.7,329,0.3,945.2,1294,0
2026-09-13T13:18:40.302000+00:00,11369,30.8,23.0,54.2,262,1.7,945.3,1294,0
2026-09-13T13:19:40.298000+00:00,11369,30.8,22.0,54.0,276,3.1,945.3,1294,0
2026-09-13T13:20:40.316000+00:00,11369,30.7,22.3,53.5,285,3.4,945.2,1294,0
2026-09-13T13:21:40.328000+00:00,11369,30.7,22.0,53.7,342,1.1,945.3,1294,0
2026-09-13T13:22:40.305000+00:00,11369,30.7,22.0,53.5,0,0.0,945.1,1294,0
2026-09-13T13:23:40.303000+00:00,11369,30.7,21.5,53.8,75,0.8,945.1,1294,0
2026-09-13T13:24:40.298000+00:00,11369,30.7,21.1,54.1,253,0.7,945.2,1294,0
2026-09-13T13:25:40.335000+00:00,11369,30.9,21.6,53.8,273,1.9,945.1,1294,0
2026-09-13T13:26:40.320000+00:00,11369,30.9,21.8,53.2,304,1.5,945.2,1294,0
2026-09-13T13:27:40.309000+00:00,11369,30.9,21.2,53.6,292,3.7,945.2,1294,0
2026-09-13T13:28:40.315000+00:00,11369,30.8,21.1,54.1,296,1.1,945.2,1294,0
2026-09-13T13:29:40.343000+00:00,11369,30.9,20.5,53.9,143,1.0,945.2,1294,0
2026-09-13T13:30:40.343000+00:00,11369,30.8,20.8,53.0,179,0.9,945.1,1294,0
2026-09-13T13:31:40.316000+00:00,11369,30.9,21.1,54.4,358,0.6,945.2,1294,0
2026-09-13T13:32:40.316000+00:00,11369,30.8,21.9,54.7,0,0.0,945.1,1294,0
2026-09-13T13:33:40.314000+00:00,11369,30.8,22.1,54.8,88,1.5,945.0,1294,0
2026-09-13T13:34:40.317000+00:00,11369,31.0,21.6,54.9,72,2.1,945.0,1294,0
2026-09-13T13:35:40.320000+00:00,11369,31.0,22.3,54.1,94,1.4,945.0,1294,0
2026-09-13T13:36:40.317000+00:00,11369,30.9,22.8,54.1,69,1.8,945.0,1294,0
2026-09-13T13:37:40.320000+00:00,11369,30.9,22.6,53.2,57,2.5,945.0,1294,0
2026-09-13T13:38:40.356000+00:00,11369,30.9,23.1,54.1,45,0.6,945.0,1294,0
2026-09-13T13:39:40.321000+00:00,11369,30.9,23.1,54.0,107,0.3,944.9,1294,0
2026-09-13T13:40:40.323000+00:00,11369,30.8,23.1,54.2,349,0.8,945.0,1294,0
2026-09-13T13:41:40.320000+00:00,11369,30.7,23.0,53.9,38,2.2,944.9,1294,0
2026-09-13T13:42:40.322000+00:00,11369,30.6,23.2,54.0,54,1.4,944.9,1294,0
2026-09-13T13:43:40.308000+00:00,11369,30.6,23.3,54.2,122,1.6,945.0,1294,0
2026-09-13T13:44:40.352000+00:00,11369,30.9,22.8,54.2,301,2.8,944.9,1294,0
2026-09-13T13:45:40.352000+00:00,11369,31.2,22.2,54.3,240,2.1,944.9,1294,0
2026-09-13T13:46:40.372000+00:00,11369,31.2,22.3,53.4,312,2.4,944.9,1294,0
2026-09-13T13:47:40.366000+00:00,11369,31.2,22.6,54.1,269,2.5,944.8,1294,0
2026-09-13T13:48:40.376000+00:00,11369,31.3,22.6,53.8,247,0.9,945.0,1294,0
2026-09-13T13:49:40.377000+00:00,11369,31.3,22.1,53.9,272,2.8,944.8,1294,0
2026-09-13T13:50:40.392000+00:00,11369,31.1,22.1,53.7,277,1.9,944.8,1294,0
2026-09-13T13:51:40.400000+00:00,11369,31.1,21.4,53.4,251,1.1,944.8,1294,0
2026-09-13T13:52:40.414000+00:00,11369,31.2,21.5,54.1,251,2.3,944.8,1294,0
2026-09-13T13:53:40.438000+00:00,11369,31.0,21.6,54.1,282,1.3,944.8,1294,0
2026-09-13T13:54:40.455000+00:00,11369,31.0,21.7,54.4,288,1.4,944.9,1294,0
2026-09-13T13:55:40.439000+00:00,11369,31.0,21.8,54.2,286,2.8,944.9,1294,0
2026-09-13T13:56:40.451000+00:00,11369,31.0,21.4,54.3,262,1.4,944.8,1294,0
2026-09-13T13:57:40.441000+00:00,11369,31.1,21.1,54.1,321,1.0,944.8,1294,0
2026-09-13T13:58:40.458000+00:00,11369,31.1,21.0,53.8,0,0.0,944.9,1294,0
2026-09-13T13:59:40.518000+00:00,11369,31.1,21.4,54.0,0,0.0,944.7,1294,0
2026-09-13T14:00:40.464000+00:00,11369,31.1,21.5,54.1,308,0.8,944.7,1294,0
2026-09-13T14:01:40.483000+00:00,11369,31.0,21.7,54.5,98,1.0,944.7,1294,0
2026-09-13T14:02:40.502000+00:00,11369,31.1,21.7,54.5,309,0.5,944.7,1294,0
2026-09-13T14:03:40.496000+00:00,11369,31.1,21.5,53.9,91,1.3,944.7,1294,0
2026-09-13T14:04:40.525000+00:00,11369,31.1,21.5,54.7,89,1.0,944.6,1294,0
2026-09-13T14:05:40.518000+00:00,11369,31.3,21.4,54.6,326,2.1,944.7,1294,0
2026-09-13T14:06:40.553000+00:00,11369,31.2,20.7,54.3,64,0.6,944.7,1294,0
2026-09-13T14:07:40.503000+00:00,11369,31.2,20.9,54.6,59,0.7,944.7,1294,0
2026-09-13T14:08:40.496000+00:00,11369,31.3,21.2,54.6,84,1.2,944.6,1294,0
2026-09-13T14:09:40.511000+00:00,11369,31.3,21.1,54.2,59,1.8,944.5,1294,0
2026-09-13T14:10:40.526000+00:00,11369,31.2,21.9,54.0,356,0.9,944.5,1294,0
2026-09-13T14:11:40.545000+00:00,11369,31.1,22.2,54.2,305,1.2,944.5,1294,0
2026-09-13T14:12:40.537000+00:00,11369,31.2,22.4,54.1,244,1.2,944.5,1294,0
2026-09-13T14:13:40.573000+00:00,11369,31.3,21.6,53.0,246,1.5,944.6,1294,0
2026-09-13T14:14:40.570000+00:00,11369,31.4,21.1,54.5,270,0.8,944.6,1294,0
2026-09-13T14:15:40.573000+00:00,11369,31.6,20.7,54.5,266,1.0,944.6,1294,0
2026-09-13T14:16:40.587000+00:00,11369,31.6,20.6,54.2,16,0.5,944.5,1294,0
2026-09-13T14:17:40.587000+00:00,11369,31.5,20.9,53.6,81,1.9,944.5,1294,0
2026-09-13T14:18:40.591000+00:00,11369,31.5,21.3,54.2,333,1.0,944.5,1294,0
2026-09-13T14:19:40.599000+00:00,11369,31.6,21.3,54.4,253,1.5,944.4,1294,0
2026-09-13T14:20:40.593000+00:00,11369,31.5,21.0,53.8,29,1.9,944.5,1294,0
2026-09-13T14:21:40.619000+00:00,11369,31.5,21.3,54.3,25,0.6,944.5,1294,0
2026-09-13T14:22:40.606000+00:00,11369,31.5,21.3,53.4,243,1.1,944.5,1294,0
2026-09-13T14:23:40.597000+00:00,11369,31.6,20.8,53.6,38,0.9,944.5,1294,0
2026-09-13T14:24:40.585000+00:00,11369,31.5,21.2,53.4,123,1.0,944.5,1294,0
2026-09-13T14:25:40.635000+00:00,11369,31.5,21.4,53.7,310,1.5,944.6,1294,0
2026-09-13T14:26:40.614000+00:00,11369,31.4,21.5,54.0,304,0.5,944.5,1294,0
2026-09-13T14:27:40.617000+00:00,11369,31.3,21.5,53.9,65,2.1,944.5,1294,0
2026-09-13T14:28:40.623000+00:00,11369,31.2,21.4,53.4,68,3.0,944.5,1294,0
2026-09-13T14:29:40.621000+00:00,11369,31.2,21.7,53.0,65,2.9,944.4,1294,0
2026-09-13T14:30:40.626000+00:00,11369,31.0,22.1,53.2,76,1.8,944.5,1294,0
2026-09-13T14:31:40.630000+00:00,11369,31.1,21.9,53.6,57,1.3,944.6,1294,0
2026-09-13T14:32:40.655000+00:00,11369,31.2,22.2,53.4,261,1.2,944.5,1294,0
2026-09-13T14:33:40.672000+00:00,11369,31.4,21.9,53.5,290,0.9,944.5,1294,0
2026-09-13T14:34:40.652000+00:00,11369,31.5,21.6,53.5,33,1.2,944.5,1294,0
2026-09-13T14:35:40.678000+00:00,11369,31.6,21.5,52.7,100,1.3,944.5,1294,0
2026-09-13T14:36:40.690000+00:00,11369,31.7,21.6,53.8,59,1.1,944.4,1294,0
2026-09-13T14:37:40.717000+00:00,11369,31.7,21.8,53.6,67,2.4,944.3,1294,0
2026-09-13T14:38:40.736000+00:00,11369,31.6,21.6,53.7,53,2.3,944.4,1294,0
2026-09-13T14:39:40.734000+00:00,11369,31.6,21.4,53.8,64,1.9,944.3,1294,0
2026-09-13T14:40:40.726000+00:00,11369,31.6,22.0,53.4,37,1.6,944.3,1294,0
2026-09-13T14:41:40.728000+00:00,11369,31.6,21.4,53.5,67,2.1,944.3,1294,0
2026-09-13T14:42:40.735000+00:00,11369,31.7,21.1,53.4,64,2.7,944.4,1294,0
2026-09-13T14:43:40.735000+00:00,11369,31.6,20.8,53.7,99,1.4,944.4,1294,0
2026-09-13T14:44:40.739000+00:00,11369,31.5,21.3,53.9,81,0.6,944.4,1294,0
2026-09-13T14:45:40.737000+00:00,11369,31.5,21.4,53.6,88,1.4,944.3,1294,0
2026-09-13T14:46:40.735000+00:00,11369,31.4,21.4,53.3,81,2.2,944.3,1294,0
