date,session_key,pressure,wind_speed,air_temperature,rainfall,humidity,meeting_key,track_temperature,wind_direction
2026-07-05T13:08:59.164000+00:00,11326,1007.0,1.4,22.8,0,55.9,1289,37.9,212
2026-07-05T13:09:59.184000+00:00,11326,1007.1,1.1,22.8,0,56.5,1289,37.5,280
2026-07-05T13:10:59.199000+00:00,11326,1007.1,0.5,22.9,0,56.6,1289,37.8,345
2026-07-05T13:11:59.215000+00:00,11326,1007.1,0.7,23.0,0,55.8,1289,37.6,248
2026-07-05T13:12:59.213000+00:00,11326,1007.0,1.0,23.1,0,54.9,1289,38.5,158
2026-07-05T13:13:59.216000+00:00,11326,1007.0,0.9,23.2,0,54.5,1289,39.2,123
2026-07-05T13:14:59.232000+00:00,11326,1006.9,1.4,23.3,0,54.8,1289,38.1,100
2026-07-05T13:15:59.209000+00:00,11326,1007.0,1.5,23.2,0,55.3,1289,37.6,171
2026-07-05T13:16:59.216000+00:00,11326,1006.9,1.8,23.1,0,55.9,1289,37.8,220
2026-07-05T13:17:59.231000+00:00,11326,1006.9,1.4,23.1,0,56.2,1289,37.5,229
2026-07-05T13:18:59.260000+00:00,11326,1006.7,1.6,23.4,0,56.2,1289,38.2,233
2026-07-05T13:19:59.258000+00:00,11326,1006.8,1.1,23.1,0,55.8,1289,38.7,294
2026-07-05T13:20:59.281000+00:00,11326,1006.8,1.6,23.2,0,54.2,1289,40.2,181
2026-07-05T13:21:59.306000+00:00,11326,1007.0,1.0,23.3,0,54.5,1289,40.7,238
2026-07-05T13:22:59.307000+00:00,11326,1006.9,1.9,23.3,0,54.1,1289,41.1,264
2026-07-05T13:23:59.306000+00:00,11326,1006.9,0.8,23.4,0,53.5,1289,41.1,193
2026-07-05T13:24:59.301000+00:00,11326,1006.9,0.8,23.4,0,53.5,1289,41.1,193
2026-07-05T13:25:59.299000+00:00,11326,1006.9,0.8,23.4,0,53.5,1289,41.1,193
2026-07-05T13:26:59.301000+00:00,11326,1006.9,0.8,23.4,0,53.5,1289,41.1,193
2026-07-05T13:27:59.293000+00:00,11326,1006.8,2.9,23.7,0,53.3,1289,40.2,227
2026-07-05T13:28:59.302000+00:00,11326,1006.8,2.6,23.8,0,52.8,1289,40.0,248
2026-07-05T13:29:59.304000+00:00,11326,1006.8,2.8,23.8,0,53.2,1289,39.2,246
2026-07-05T13:30:59.303000+00:00,11326,1006.8,2.8,23.7,0,53.2,1289,39.2,246
2026-07-05T13:31:59.304000+00:00,11326,1006.8,2.8,23.5,0,53.2,1289,39.2,246
2026-07-05T13:32:59.306000+00:00,11326,1006.8,2.8,23.6,0,53.2,1289,39.2,246
2026-07-05T13:33:59.307000+00:00,11326,1006.8,1.3,23.6,0,53.5,1289,38.6,288
2026-07-05T13:34:59.316000+00:00,11326,1006.8,3.1,23.5,0,54.3,1289,37.6,267
2026-07-05T13:35:59.324000+00:00,11326,1006.8,3.1,23.4,0,54.3,1289,37.6,267
2026-07-05T13:36:59.325000+00:00,11326,1006.8,3.1,23.5,0,54.3,1289,37.6,267
2026-07-05T13:37:59.342000+00:00,11326,1006.7,1.3,23.7,0,53.4,1289,38.9,295
2026-07-05T13:38:59.356000+00:00,11326,1006.7,1.3,23.7,0,53.4,1289,38.9,295
2026-07-05T13:39:59.357000+00:00,11326,1006.7,1.3,24.3,0,53.4,1289,38.9,295
2026-07-05T13:40:59.374000+00:00,11326,1006.7,1.3,23.9,0,53.4,1289,38.9,295
2026-07-05T13:41:59.394000+00:00,11326,1006.8,1.3,24.0,0,52.5,1289,39.3,248
2026-07-05T13:42:59.406000+00:00,11326,1006.8,2.4,23.8,0,51.4,1289,38.9,209
2026-07-05T13:43:59.412000+00:00,11326,1006.8,2.4,23.9,0,51.4,1289,38.9,209
2026-07-05T13:44:59.426000+00:00,11326,1006.7,1.3,23.8,0,53.9,1289,40.7,223
2026-07-05T13:45:59.425000+00:00,11326,1006.7,2.2,24.0,0,54.4,1289,40.6,230
2026-07-05T13:46:59.441000+00:00,11326,1006.7,2.7,23.9,0,52.8,1289,40.6,241
2026-07-05T13:47:59.441000+00:00,11326,1006.7,2.7,24.3,0,52.8,1289,40.6,241
2026-07-05T13:48:59.490000+00:00,11326,1006.7,2.7,24.0,0,52.8,1289,40.6,241
2026-07-05T13:49:59.461000+00:00,11326,1006.7,2.7,24.6,0,52.8,1289,40.6,241
2026-07-05T13:50:59.463000+00:00,11326,1006.8,0.9,24.6,0,51.0,1289,41.5,244
2026-07-05T13:51:59.475000+00:00,11326,1006.8,0.9,24.4,0,51.0,1289,41.5,244
2026-07-05T13:52:59.493000+00:00,11326,1006.7,0.7,24.4,0,49.7,1289,41.5,167
2026-07-05T13:53:59.509000+00:00,11326,1006.7,0.7,24.1,0,49.7,1289,41.5,167
2026-07-05T13:54:59.525000+00:00,11326,1006.7,1.1,24.5,0,49.9,1289,41.2,12
2026-07-05T13:55:59.570000+00:00,11326,1006.5,1.5,24.5,0,50.2,1289,42.1,323
2026-07-05T13:56:59.548000+00:00,11326,1006.5,3.3,24.8,0,50.8,1289,41.9,205
2026-07-05T13:57:59.558000+00:00,11326,1006.6,1.0,24.9,0,49.0,1289,40.4,286
2026-07-05T13:58:59.559000+00:00,11326,1006.6,1.6,24.4,0,50.3,1289,39.4,206
2026-07-05T13:59:59.561000+00:00,11326,1006.6,1.2,24.4,0,49.5,1289,39.3,171
2026-07-05T14:00:59.551000+00:00,11326,1006.6,1.2,24.3,0,49.5,1289,39.3,171
2026-07-05T14:01:59.561000+00:00,11326,1006.6,1.6,24.3,0,51.2,1289,41.1,167
2026-07-05T14:02:59.561000+00:00,11326,1006.6,1.6,24.3,0,51.2,1289,41.1,167
2026-07-05T14:03:59.568000+00:00,11326,1006.6,1.3,24.5,0,52.3,1289,40.6,185
2026-07-05T14:04:59.585000+00:00,11326,1006.6,1.3,24.4,0,52.3,1289,40.6,185
2026-07-05T14:05:59.578000+00:00,11326,1006.5,1.4,24.6,0,50.7,1289,42.2,273
2026-07-05T14:06:59.584000+00:00,11326,1006.5,2.2,24.4,0,50.0,1289,42.3,265
2026-07-05T14:07:59.581000+00:00,11326,1006.5,2.2,24.6,0,50.0,1289,42.3,265
2026-07-05T14:08:59.581000+00:00,11326,1006.5,1.5,24.6,0,50.2,1289,42.3,296
2026-07-05T14:09:59.587000+00:00,11326,1006.5,1.6,24.5,0,50.4,1289,41.7,262
2026-07-05T14:10:59.582000+00:00,11326,1006.5,2.3,24.5,0,49.9,1289,42.6,217
2026-07-05T14:11:59.586000+00:00,11326,1006.6,2.3,24.5,0,50.1,1289,41.3,287
2026-07-05T14:12:59.590000+00:00,11326,1006.4,2.8,24.5,0,49.9,1289,42.3,250
2026-07-05T14:13:59.593000+00:00,11326,1006.4,2.8,24.5,0,49.9,1289,42.3,250
2026-07-05T14:14:59.591000+00:00,11326,1006.5,0.8,24.8,0,49.8,1289,42.3,180
2026-07-05T14:15:59.586000+00:00,11326,1006.5,1.4,25.0,0,47.9,1289,42.4,137
2026-07-05T14:16:59.599000+00:00,11326,1006.4,0.9,25.0,0,46.7,1289,41.5,77
2026-07-05T14:17:59.588000+00:00,11326,1006.4,0.9,25.3,0,46.7,1289,41.5,77
2026-07-05T14:18:59.597000+00:00,11326,1006.4,2.8,25.2,0,46.7,1289,42.4,78
2026-07-05T14:19:59.596000+00:00,11326,1006.4,2.8,25.2,0,46.7,1289,42.4,78
2026-07-05T14:20:59.597000+00:00,11326,1006.4,2.8,25.2,0,46.7,1289,42.4,78
2026-07-05T14:21:59.592000+00:00,11326,1006.4,2.8,25.0,0,46.7,1289,42.4,78
2026-07-05T14:22:59.597000+00:00,11326,1006.4,2.8,24.9,0,46.7,1289,42.4,78
2026-07-05T14:23:59.600000+00:00,11326,1006.4,2.8,25.0,0,46.7,1289,42.4,78
2026-07-05T14:24:59.597000+00:00,11326,1006.5,1.1,25.0,0,48.3,1289,43.7,249
2026-07-05T14:25:59.598000+00:00,11326,1006.6,0.4,25.0,0,48.3,1289,43.8,146
2026-07-05T14:26:59.601000+00:00,11326,1006.4,2.7,24.9,0,49.0,1289,43.7,232
2026-07-05T14:27:59.627000+00:00,11326,1006.4,1.4,24.8,0,49.0,1289,42.9,263
2026-07-05T14:28:59.596000+00:00,11326,1006.4,3.7,25.0,0,48.6,1289,42.9,251
2026-07-05T14:29:59.606000+00:00,11326,1006.5,1.1,25.0,0,48.6,1289,42.6,220
2026-07-05T14:30:59.598000+00:00,11326,1006.5,1.1,24.9,0,48.6,1289,42.6,220
2026-07-05T14:31:59.607000+00:00,11326,1006.5,1.1,25.0,0,48.6,1289,42.6,220
2026-07-05T14:32:59.598000+00:00,11326,1006.3,4.2,25.5,0,47.7,1289,41.4,267
2026-07-05T14:33:59.595000+00:00,11326,1006.3,3.3,25.3,0,48.5,1289,41.5,231
2026-07-05T14:34:59.611000+00:00,11326,1006.4,1.2,25.3,0,48.4,1289,40.8,267
2026-07-05T14:35:59.601000+00:00,11326,1006.4,1.2,25.5,0,48.4,1289,40.8,267
2026-07-05T14:36:59.597000+00:00,11326,1006.4,1.2,26.0,0,48.4,1289,40.8,267
2026-07-05T14:37:59.602000+00:00,11326,1006.3,4.8,25.5,0,48.9,1289,41.6,262
2026-07-05T14:38:59.608000+00:00,11326,1006.4,0.4,25.5,0,48.2,1289,41.5,65
2026-07-05T14:39:59.613000+00:00,11326,1006.4,0.4,25.6,0,48.2,1289,41.5,65
2026-07-05T14:40:59.607000+00:00,11326,1006.3,1.6,25.3,0,48.5,1289,41.3,234
2026-07-05T14:41:59.607000+00:00,11326,1006.3,1.6,25.3,0,48.5,1289,41.3,234
2026-07-05T14:42:59.607000+00:00,11326,1006.3,1.6,26.0,0,48.5,1289,41.3,234
2026-07-05T14:43:59.607000+00:00,11326,1006.3,2.8,25.4,0,48.5,1289,39.3,250
2026-07-05T14:44:59.608000+00:00,11326,1006.3,2.8,25.6,0,48.5,1289,39.3,250
2026-07-05T14:45:59.607000+00:00,11326,1006.3,2.8,25.2,0,48.5,1289,39.3,250
2026-07-05T14:46:59.621000+00:00,11326,1006.3,1.7,25.1,0,49.5,1289,39.3,219
2026-07-05T14:47:59.639000+00:00,11326,1006.4,3.8,25.0,0,50.1,1289,38.7,232
2026-07-05T14:48:59.656000+00:00,11326,1006.3,2.3,24.8,0,50.8,1289,38.4,246
2026-07-05T14:49:59.656000+00:00,11326,1006.2,2.9,24.9,0,50.9,1289,38.1,225
2026-07-05T14:50:59.673000+00:00,11326,1006.4,0.8,25.0,0,50.1,1289,37.5,263
2026-07-05T14:51:59.669000+00:00,11326,1006.4,0.8,25.4,0,50.1,1289,37.5,263
2026-07-05T14:52:59.674000+00:00,11326,1006.3,0.6,25.0,0,50.4,1289,38.8,244
2026-07-05T14:53:59.691000+00:00,11326,1006.3,2.1,25.0,0,50.5,1289,37.7,269
2026-07-05T14:54:59.710000+00:00,11326,1006.3,2.1,25.2,0,50.5,1289,37.7,269
2026-07-05T14:55:59.708000+00:00,11326,1006.3,2.1,25.8,0,50.5,1289,37.7,269
2026-07-05T14:56:59.709000+00:00,11326,1006.2,1.9,25.6,0,49.2,1289,38.3,207
2026-07-05T14:57:59.715000+00:00,11326,1006.2,1.9,25.5,0,49.2,1289,38.3,207
2026-07-05T14:58:59.716000+00:00,11326,1006.2,1.5,25.6,0,48.4,1289,38.9,112
2026-07-05T14:59:59.727000+00:00,11326,1006.2,1.5,25.5,0,48.4,1289,38.9,112
2026-07-05T15:00:59.729000+00:00,11326,1006.2,1.5,25.4,0,48.4,1289,38.9,112
2026-07-05T15:01:59.728000+00:00,11326,1006.2,1.5,25.2,0,48.4,1289,38.9,112
2026-07-05T15:02:59.745000+00:00,11326,1006.2,1.5,25.3,0,48.4,1289,38.9,112
2026-07-05T15:03:59.756000+00:00,11326,1006.2,1.5,25.4,0,48.4,1289,38.9,112
2026-07-05T15:04:59.735000+00:00,11326,1006.2,1.5,25.4,0,48.4,1289,38.9,112
2026-07-05T15:05:59.746000+00:00,11326,1006.1,2.0,25.3,0,47.4,1289,38.8,243
2026-07-05T15:06:59.748000+00:00,11326,1006.0,1.4,25.3,0,47.9,1289,38.4,247
2026-07-05T15:07:59.748000+00:00,11326,1006.2,1.4,25.4,0,47.7,1289,38.4,212
2026-07-05T15:08:59.753000+00:00,11326,1006.2,0.8,25.4,0,48.4,1289,38.8,110
2026-07-05T15:09:59.787000+00:00,11326,1006.1,0.6,25.6,0,47.2,1289,38.7,305
2026-07-05T15:10:59.781000+00:00,11326,1006.1,0.6,25.4,0,47.2,1289,38.7,305
2026-07-05T15:11:59.803000+00:00,11326,1006.1,2.8,25.4,0,47.8,1289,39.0,233
2026-07-05T15:12:59.802000+00:00,11326,1006.0,1.2,25.6,0,48.4,1289,38.7,242
2026-07-05T15:13:59.791000+00:00,11326,1006.0,2.0,25.4,0,47.5,1289,38.7,223
2026-07-05T15:14:59.795000+00:00,11326,1006.0,2.6,25.4,0,48.2,1289,38.2,231
2026-07-05T15:15:59.803000+00:00,11326,1005.9,2.0,25.4,0,48.6,1289,38.7,255
2026-07-05T15:16:59.835000+00:00,11326,1005.9,2.0,25.6,0,48.6,1289,38.7,255
2026-07-05T15:17:59.828000+00:00,11326,1006.0,1.8,25.6,0,47.8,1289,38.7,273
2026-07-05T15:18:59.816000+00:00,11326,1006.0,1.4,25.6,0,47.2,1289,39.3,228
2026-07-05T15:19:59.799000+00:00,11326,1006.0,1.4,26.1,0,47.2,1289,39.3,228
2026-07-05T15:20:59.818000+00:00,11326,1006.0,0.6,25.5,0,48.0,1289,39.8,144
2026-07-05T15:21:59.816000+00:00,11326,1005.9,0.6,25.7,0,47.9,1289,39.8,197
2026-07-05T15:22:59.837000+00:00,11326,1006.0,1.9,25.7,0,48.1,1289,39.5,279
2026-07-05T15:23:59.834000+00:00,11326,1005.8,3.8,25.7,0,46.4,1289,39.8,208
2026-07-05T15:24:59.836000+00:00,11326,1005.9,1.7,25.4,0,47.5,1289,39.7,212
2026-07-05T15:25:59.852000+00:00,11326,1006.0,1.1,25.6,0,47.4,1289,39.4,306
2026-07-05T15:26:59.854000+00:00,11326,1005.9,2.2,25.5,0,46.5,1289,39.3,266
2026-07-05T15:27:59.856000+00:00,11326,1005.9,1.8,25.7,0,47.3,1289,39.3,301
2026-07-05T15:28:59.872000+00:00,11326,1005.9,2.2,25.8,0,46.9,1289,40.1,262
2026-07-05T15:29:59.872000+00:00,11326,1005.9,2.2,25.8,0,46.9,1289,40.1,262
2026-07-05T15:30:59.889000+00:00,11326,1005.7,2.5,25.8,0,46.3,1289,40.4,117
2026-07-05T15:31:59.888000+00:00,11326,1005.8,1.4,25.9,0,44.9,1289,39.8,166
2026-07-05T15:32:59.890000+00:00,11326,1005.8,1.3,25.8,0,45.5,1289,39.7,245
2026-07-05T15:33:59.894000+00:00,11326,1005.8,0.0,25.8,0,45.5,1289,40.2,0
2026-07-05T15:34:59.893000+00:00,11326,1005.8,1.4,25.8,0,45.6,1289,39.9,235
2026-07-05T15:35:59.892000+00:00,11326,1005.8,1.7,26.0,0,46.3,1289,40.3,210
2026-07-05T15:36:59.894000+00:00,11326,1005.9,0.7,25.9,0,45.4,1289,39.5,21
2026-07-05T15:37:59.882000+00:00,11326,1005.8,0.9,25.8,0,45.8,1289,39.6,292
2026-07-05T15:38:59.893000+00:00,11326,1005.8,1.4,25.6,0,46.0,1289,39.4,287
2026-07-05T15:39:59.894000+00:00,11326,1005.8,1.4,25.6,0,46.0,1289,39.4,287
2026-07-05T15:40:59.896000+00:00,11326,1005.8,1.5,25.6,0,46.6,1289,39.6,130
2026-07-05T15:41:59.896000+00:00,11326,1005.8,0.9,25.5,0,47.0,1289,39.7,233
2026-07-05T15:42:59.896000+00:00,11326,1005.7,2.8,25.5,0,47.0,1289,39.6,248
2026-07-05T15:43:59.897000+00:00,11326,1005.8,2.3,25.6,0,46.2,1289,38.4,274
