date,session_key,pressure,humidity,wind_direction,air_temperature,meeting_key,track_temperature,wind_speed,rainfall
2026-05-24T19:07:46.504000+00:00,11291,1025.5,74.4,185,12.4,1285,17.2,5.7,0
2026-05-24T19:08:46.501000+00:00,11291,1025.5,74.4,185,12.6,1285,17.2,5.7,0
2026-05-24T19:09:46.506000+00:00,11291,1025.5,74.4,185,12.6,1285,17.2,5.7,0
2026-05-24T19:10:46.490000+00:00,11291,1025.5,74.4,185,12.6,1285,17.2,5.7,0
2026-05-24T19:11:46.503000+00:00,11291,1025.5,74.4,185,12.3,1285,17.2,5.7,0
2026-05-24T19:12:46.497000+00:00,11291,1025.5,74.4,185,12.6,1285,17.2,5.7,0
2026-05-24T19:13:46.510000+00:00,11291,1025.5,74.4,185,12.5,1285,17.2,5.7,0
2026-05-24T19:14:46.511000+00:00,11291,1025.5,74.4,185,12.4,1285,17.2,5.7,0
2026-05-24T19:15:46.527000+00:00,11291,1025.5,74.4,185,12.5,1285,17.2,5.7,0
2026-05-24T19:16:46.536000+00:00,11291,1025.5,74.4,185,12.4,1285,17.2,5.7,0
2026-05-24T19:17:46.555000+00:00,11291,1025.4,75.8,169,12.7,1285,16.9,6.2,0
2026-05-24T19:18:46.540000+00:00,11291,1025.3,74.9,193,12.5,1285,17.1,4.1,0
2026-05-24T19:19:46.549000+00:00,11291,1025.4,74.7,194,12.5,1285,17.1,4.3,0
2026-05-24T19:20:46.556000+00:00,11291,1025.4,73.9,185,12.6,1285,17.0,4.6,0
2026-05-24T19:21:46.565000+00:00,11291,1025.4,73.9,185,12.3,1285,17.0,4.6,0
2026-05-24T19:22:46.563000+00:00,11291,1025.4,73.9,185,12.4,1285,17.0,4.6,0
2026-05-24T19:23:46.579000+00:00,11291,1025.4,73.9,185,12.5,1285,17.0,4.6,0
2026-05-24T19:24:46.574000+00:00,11291,1025.4,73.9,185,12.4,1285,17.0,4.6,0
2026-05-24T19:25:46.586000+00:00,11291,1025.4,73.9,185,12.5,1285,17.0,4.6,0
2026-05-24T19:26:46.605000+00:00,11291,1025.4,73.9,185,12.5,1285,17.0,4.6,0
2026-05-24T19:27:46.602000+00:00,11291,1025.4,73.9,185,12.4,1285,17.0,4.6,0
2026-05-24T19:28:46.621000+00:00,11291,1025.4,73.9,185,12.4,1285,17.0,4.6,0
2026-05-24T19:29:46.634000+00:00,11291,1025.2,73.2,188,12.8,1285,17.5,4.3,0
2026-05-24T19:30:46.644000+00:00,11291,1025.2,72.9,168,12.6,1285,17.9,3.5,0
2026-05-24T19:31:46.648000+00:00,11291,1025.2,71.9,193,12.9,1285,17.6,4.9,0
2026-05-24T19:32:46.648000+00:00,11291,1025.2,71.9,193,12.4,1285,17.6,4.9,0
2026-05-24T19:33:46.636000+00:00,11291,1025.2,72.4,200,12.8,1285,17.0,4.4,0
2026-05-24T19:34:46.637000+00:00,11291,1025.2,72.4,200,12.4,1285,17.0,4.4,0
2026-05-24T19:35:46.667000+00:00,11291,1025.2,72.4,200,12.4,1285,17.0,4.4,0
2026-05-24T19:36:46.650000+00:00,11291,1025.2,72.4,200,12.4,1285,17.0,4.4,0
2026-05-24T19:37:46.656000+00:00,11291,1025.2,72.4,200,12.3,1285,17.0,4.4,0
2026-05-24T19:38:46.663000+00:00,11291,1025.2,72.4,200,12.2,1285,17.0,4.4,0
2026-05-24T19:39:46.664000+00:00,11291,1025.2,72.4,200,12.3,1285,17.0,4.4,0
2026-05-24T19:40:46.667000+00:00,11291,1025.2,72.4,200,12.3,1285,17.0,4.4,0
2026-05-24T19:41:46.674000+00:00,11291,1025.1,75.3,180,12.5,1285,16.3,5.4,0
2026-05-24T19:42:46.675000+00:00,11291,1025.1,76.4,185,12.3,1285,16.5,2.7,0
2026-05-24T19:43:46.689000+00:00,11291,1025.0,76.8,179,12.6,1285,16.8,4.1,0
2026-05-24T19:44:46.708000+00:00,11291,1025.0,76.8,179,12.3,1285,16.8,4.1,0
2026-05-24T19:45:46.708000+00:00,11291,1025.0,76.8,179,12.3,1285,16.8,4.1,0
2026-05-24T19:46:46.708000+00:00,11291,1025.0,76.8,179,12.3,1285,16.8,4.1,0
2026-05-24T19:47:46.710000+00:00,11291,1025.0,76.8,179,12.3,1285,16.8,4.1,0
2026-05-24T19:48:46.700000+00:00,11291,1024.7,77.1,196,12.7,1285,16.7,3.3,0
2026-05-24T19:49:46.702000+00:00,11291,1024.7,77.6,184,12.6,1285,16.7,3.8,0
2026-05-24T19:50:46.709000+00:00,11291,1024.7,77.6,184,12.2,1285,16.7,3.8,0
2026-05-24T19:51:46.715000+00:00,11291,1024.7,77.6,184,12.2,1285,16.7,3.8,0
2026-05-24T19:52:46.710000+00:00,11291,1024.5,78.9,198,12.4,1285,17.3,2.7,0
2026-05-24T19:53:46.706000+00:00,11291,1024.5,78.0,194,12.4,1285,17.2,3.5,0
2026-05-24T19:54:46.717000+00:00,11291,1024.5,78.8,192,12.4,1285,17.2,3.4,0
2026-05-24T19:55:46.742000+00:00,11291,1024.5,78.3,196,12.4,1285,16.7,3.9,0
2026-05-24T19:56:46.758000+00:00,11291,1024.6,78.6,187,12.3,1285,16.9,2.5,0
2026-05-24T19:57:46.761000+00:00,11291,1024.6,78.6,187,12.5,1285,16.9,2.5,0
2026-05-24T19:58:46.759000+00:00,11291,1024.5,79.2,189,12.4,1285,17.2,2.3,0
2026-05-24T19:59:46.772000+00:00,11291,1024.5,79.2,189,12.5,1285,17.2,2.3,0
2026-05-24T20:00:46.800000+00:00,11291,1024.5,78.4,206,12.5,1285,17.1,2.7,0
2026-05-24T20:01:46.795000+00:00,11291,1024.6,78.1,201,12.5,1285,17.1,2.5,0
2026-05-24T20:02:46.792000+00:00,11291,1024.5,77.2,197,12.5,1285,17.1,2.8,0
2026-05-24T20:03:46.798000+00:00,11291,1024.5,77.2,197,12.3,1285,17.1,2.8,0
2026-05-24T20:04:46.812000+00:00,11291,1024.4,76.8,193,12.5,1285,17.1,3.3,0
2026-05-24T20:05:46.821000+00:00,11291,1024.4,76.7,181,12.4,1285,16.9,3.5,0
2026-05-24T20:06:46.834000+00:00,11291,1024.5,76.4,193,12.4,1285,17.2,1.8,0
2026-05-24T20:07:46.844000+00:00,11291,1024.6,77.4,191,12.7,1285,17.1,1.9,0
2026-05-24T20:08:46.854000+00:00,11291,1024.6,77.4,191,12.3,1285,17.1,1.9,0
2026-05-24T20:09:46.847000+00:00,11291,1024.6,77.0,191,12.5,1285,16.9,2.0,0
2026-05-24T20:10:46.852000+00:00,11291,1024.6,77.0,191,12.2,1285,16.9,2.0,0
2026-05-24T20:11:46.858000+00:00,11291,1024.6,77.0,191,12.2,1285,16.9,2.0,0
2026-05-24T20:12:46.874000+00:00,11291,1024.6,77.0,191,12.1,1285,16.9,2.0,0
2026-05-24T20:13:46.893000+00:00,11291,1024.5,76.6,325,12.5,1285,17.3,1.6,0
2026-05-24T20:14:46.887000+00:00,11291,1024.5,76.6,325,12.4,1285,17.3,1.6,0
2026-05-24T20:15:46.890000+00:00,11291,1024.4,76.3,202,12.3,1285,17.1,3.1,0
2026-05-24T20:16:46.916000+00:00,11291,1024.4,76.3,202,12.2,1285,17.1,3.1,0
2026-05-24T20:17:46.920000+00:00,11291,1024.4,76.3,202,12.2,1285,17.1,3.1,0
2026-05-24T20:18:46.923000+00:00,11291,1024.3,76.0,283,12.5,1285,17.8,1.5,0
2026-05-24T20:19:46.938000+00:00,11291,1024.3,76.0,283,12.6,1285,17.8,1.5,0
2026-05-24T20:20:46.931000+00:00,11291,1024.3,76.0,283,12.3,1285,17.8,1.5,0
2026-05-24T20:21:46.924000+00:00,11291,1024.3,76.0,283,12.4,1285,17.8,1.5,0
2026-05-24T20:22:46.937000+00:00,11291,1024.3,76.0,283,12.4,1285,17.8,1.5,0
2026-05-24T20:23:46.934000+00:00,11291,1024.3,76.0,283,12.5,1285,17.8,1.5,0
2026-05-24T20:24:46.940000+00:00,11291,1024.0,74.4,246,13.1,1285,18.1,1.5,0
2026-05-24T20:25:46.931000+00:00,11291,1023.9,73.4,298,12.7,1285,18.4,1.7,0
2026-05-24T20:26:46.926000+00:00,11291,1023.9,73.4,298,12.6,1285,18.4,1.7,0
2026-05-24T20:27:46.939000+00:00,11291,1023.9,73.1,280,12.9,1285,18.4,1.4,0
2026-05-24T20:28:46.936000+00:00,11291,1024.0,72.3,225,12.8,1285,18.0,0.9,0
2026-05-24T20:29:46.930000+00:00,11291,1024.0,72.3,225,12.7,1285,18.0,0.9,0
2026-05-24T20:30:46.944000+00:00,11291,1024.0,72.3,225,12.9,1285,18.0,0.9,0
2026-05-24T20:31:46.943000+00:00,11291,1023.9,72.4,264,12.8,1285,18.4,1.6,0
2026-05-24T20:32:46.943000+00:00,11291,1023.9,72.0,169,12.9,1285,18.4,2.0,0
2026-05-24T20:33:46.941000+00:00,11291,1023.9,72.0,169,12.7,1285,18.4,2.0,0
2026-05-24T20:34:46.938000+00:00,11291,1023.9,72.0,169,12.7,1285,18.4,2.0,0
2026-05-24T20:35:46.945000+00:00,11291,1023.9,72.0,169,12.8,1285,18.4,2.0,0
2026-05-24T20:36:46.929000+00:00,11291,1024.0,70.9,229,13.0,1285,18.2,0.9,0
2026-05-24T20:37:46.936000+00:00,11291,1024.0,71.0,252,13.3,1285,18.3,1.8,0
2026-05-24T20:38:46.931000+00:00,11291,1024.0,71.0,252,12.9,1285,18.3,1.8,0
2026-05-24T20:39:46.945000+00:00,11291,1024.0,71.0,194,13.1,1285,18.3,0.9,0
2026-05-24T20:40:46.943000+00:00,11291,1024.0,71.0,194,12.8,1285,18.3,0.9,0
2026-05-24T20:41:46.950000+00:00,11291,1024.0,71.0,194,12.8,1285,18.3,0.9,0
2026-05-24T20:42:46.950000+00:00,11291,1024.0,71.0,194,12.8,1285,18.3,0.9,0
2026-05-24T20:43:46.938000+00:00,11291,1024.0,71.0,194,12.9,1285,18.3,0.9,0
2026-05-24T20:44:46.942000+00:00,11291,1024.0,71.0,194,12.9,1285,18.3,0.9,0
2026-05-24T20:45:46.949000+00:00,11291,1024.0,68.0,170,13.2,1285,18.4,4.5,0
2026-05-24T20:46:46.955000+00:00,11291,1024.0,67.5,188,13.4,1285,18.1,4.5,0
2026-05-24T20:47:46.949000+00:00,11291,1023.9,67.8,184,13.4,1285,18.3,1.9,0
2026-05-24T20:48:46.950000+00:00,11291,1023.9,67.8,184,13.0,1285,18.3,1.9,0
2026-05-24T20:49:46.952000+00:00,11291,1023.8,68.2,179,13.5,1285,18.5,1.5,0
2026-05-24T20:50:46.960000+00:00,11291,1023.7,68.9,193,13.3,1285,18.3,1.7,0
2026-05-24T20:51:46.960000+00:00,11291,1024.0,69.2,176,13.3,1285,18.4,2.4,0
2026-05-24T20:52:46.961000+00:00,11291,1024.0,69.2,176,13.1,1285,18.4,2.4,0
2026-05-24T20:53:46.959000+00:00,11291,1023.7,69.6,202,13.3,1285,18.6,3.0,0
2026-05-24T20:54:46.961000+00:00,11291,1023.7,69.6,202,13.1,1285,18.6,3.0,0
2026-05-24T20:55:46.961000+00:00,11291,1023.7,67.9,244,13.4,1285,18.9,1.0,0
2026-05-24T20:56:46.946000+00:00,11291,1023.7,67.9,244,13.2,1285,18.9,1.0,0
2026-05-24T20:57:46.962000+00:00,11291,1023.7,67.9,244,13.1,1285,18.9,1.0,0
2026-05-24T20:58:46.948000+00:00,11291,1023.6,66.7,239,13.5,1285,19.1,0.7,0
2026-05-24T20:59:46.960000+00:00,11291,1023.6,66.7,239,13.3,1285,19.1,0.7,0
2026-05-24T21:00:46.965000+00:00,11291,1023.4,66.2,209,13.6,1285,19.1,2.0,0
2026-05-24T21:01:46.971000+00:00,11291,1023.4,66.1,199,13.6,1285,19.0,1.3,0
2026-05-24T21:02:46.966000+00:00,11291,1023.4,66.1,199,13.1,1285,19.0,1.3,0
2026-05-24T21:03:46.983000+00:00,11291,1023.5,65.6,198,13.5,1285,18.9,2.9,0
2026-05-24T21:04:46.977000+00:00,11291,1023.5,65.6,198,13.2,1285,18.9,2.9,0
2026-05-24T21:05:46.985000+00:00,11291,1023.4,65.6,177,13.7,1285,18.8,2.5,0
2026-05-24T21:06:46.993000+00:00,11291,1023.4,65.6,177,13.2,1285,18.8,2.5,0
2026-05-24T21:07:47.016000+00:00,11291,1023.4,65.6,177,13.2,1285,18.8,2.5,0
2026-05-24T21:08:47.013000+00:00,11291,1023.4,65.6,177,13.2,1285,18.8,2.5,0
2026-05-24T21:09:47.010000+00:00,11291,1023.4,65.6,177,13.2,1285,18.8,2.5,0
2026-05-24T21:10:47.019000+00:00,11291,1023.3,66.5,187,13.6,1285,18.7,3.4,0
2026-05-24T21:11:47.004000+00:00,11291,1023.4,66.9,153,13.5,1285,19.0,2.5,0
2026-05-24T21:12:47.018000+00:00,11291,1023.3,66.4,187,13.7,1285,18.6,4.4,0
2026-05-24T21:13:47.014000+00:00,11291,1023.3,66.4,187,13.2,1285,18.6,4.4,0
2026-05-24T21:14:47.027000+00:00,11291,1023.4,66.3,186,13.5,1285,18.7,1.3,0
2026-05-24T21:15:47.028000+00:00,11291,1023.4,66.4,202,13.6,1285,18.7,2.7,0
2026-05-24T21:16:47.019000+00:00,11291,1023.4,66.4,202,13.2,1285,18.7,2.7,0
2026-05-24T21:17:47.019000+00:00,11291,1023.3,66.7,150,13.5,1285,18.9,0.9,0
2026-05-24T21:18:47.010000+00:00,11291,1023.4,66.3,186,13.7,1285,18.6,2.8,0
2026-05-24T21:19:47.035000+00:00,11291,1023.4,66.3,186,13.2,1285,18.6,2.8,0
2026-05-24T21:20:47.055000+00:00,11291,1023.3,66.8,188,13.6,1285,18.6,3.3,0
2026-05-24T21:21:47.064000+00:00,11291,1023.3,66.8,188,13.3,1285,18.6,3.3,0
2026-05-24T21:22:47.086000+00:00,11291,1023.3,66.8,188,13.3,1285,18.6,3.3,0
2026-05-24T21:23:47.166000+00:00,11291,1023.3,66.8,188,13.4,1285,18.6,3.3,0
2026-05-24T21:24:47.154000+00:00,11291,1023.3,66.8,188,13.2,1285,18.6,3.3,0
2026-05-24T21:25:47.150000+00:00,11291,1023.3,66.8,188,13.5,1285,18.6,3.3,0
2026-05-24T21:26:47.157000+00:00,11291,1023.3,66.8,188,13.2,1285,18.6,3.3,0
2026-05-24T21:27:47.151000+00:00,11291,1023.3,66.8,188,13.2,1285,18.6,3.3,0
2026-05-24T21:28:47.148000+00:00,11291,1023.3,66.8,188,13.4,1285,18.6,3.3,0
2026-05-24T21:29:47.151000+00:00,11291,1023.2,66.3,184,13.4,1285,18.7,2.8,0
2026-05-24T21:30:47.154000+00:00,11291,1023.2,66.3,184,13.2,1285,18.7,2.8,0
2026-05-24T21:31:47.165000+00:00,11291,1023.2,66.4,189,13.6,1285,18.5,2.6,0
2026-05-24T21:32:47.181000+00:00,11291,1023.2,66.4,189,13.6,1285,18.5,2.6,0
2026-05-24T21:33:47.208000+00:00,11291,1023.1,65.4,181,13.5,1285,18.4,4.9,0
2026-05-24T21:34:47.217000+00:00,11291,1023.1,65.8,171,13.7,1285,18.7,1.7,0
2026-05-24T21:35:47.238000+00:00,11291,1023.1,65.8,171,13.1,1285,18.7,1.7,0
2026-05-24T21:36:47.238000+00:00,11291,1023.1,65.8,171,13.2,1285,18.7,1.7,0
2026-05-24T21:37:47.236000+00:00,11291,1023.1,65.8,171,13.2,1285,18.7,1.7,0
2026-05-24T21:38:47.242000+00:00,11291,1023.1,66.0,223,13.5,1285,17.9,3.0,0
2026-05-24T21:39:47.237000+00:00,11291,1023.1,66.0,223,13.2,1285,17.9,3.0,0
2026-05-24T21:40:47.240000+00:00,11291,1023.0,66.3,185,13.4,1285,18.2,3.4,0
2026-05-24T21:41:47.231000+00:00,11291,1023.0,66.3,185,13.3,1285,18.2,3.4,0
2026-05-24T21:42:47.250000+00:00,11291,1023.1,66.8,184,13.4,1285,18.1,2.8,0
2026-05-24T21:43:47.235000+00:00,11291,1023.0,66.9,168,13.5,1285,17.8,5.4,0
2026-05-24T21:44:47.235000+00:00,11291,1023.0,66.9,168,13.4,1285,17.8,5.4,0
2026-05-24T21:45:47.239000+00:00,11291,1023.0,66.9,168,13.3,1285,17.8,5.4,0
2026-05-24T21:46:47.243000+00:00,11291,1023.1,67.8,183,13.4,1285,18.0,3.1,0
