date,session_key,position,meeting_key,driver_number
2026-06-07T12:07:56.708000+00:00,11299,1,1286,12
2026-06-07T12:07:56.708000+00:00,11299,2,1286,3
2026-06-07T12:07:56.708000+00:00,11299,3,1286,44
2026-06-07T12:07:56.708000+00:00,11299,4,1286,16
2026-06-07T12:07:56.708000+00:00,11299,5,1286,6
2026-06-07T12:07:56.708000+00:00,11299,6,1286,63
2026-06-07T12:07:56.708000+00:00,11299,7,1286,81
2026-06-07T12:07:56.708000+00:00,11299,8,1286,1
2026-06-07T12:07:56.708000+00:00,11299,9,1286,10
2026-06-07T12:07:56.708000+00:00,11299,10,1286,30
2026-06-07T12:07:56.708000+00:00,11299,11,1286,23
2026-06-07T12:07:56.708000+00:00,11299,12,1286,55
2026-06-07T12:07:56.708000+00:00,11299,13,1286,27
2026-06-07T12:07:56.708000+00:00,11299,14,1286,43
2026-06-07T12:07:56.708000+00:00,11299,15,1286,41
2026-06-07T12:07:56.708000+00:00,11299,16,1286,5
2026-06-07T12:07:56.708000+00:00,11299,17,1286,31
2026-06-07T12:07:56.708000+00:00,11299,18,1286,11
2026-06-07T12:07:56.708000+00:00,11299,19,1286,87
2026-06-07T12:07:56.708000+00:00,11299,20,1286,77
2026-06-07T12:07:56.708000+00:00,11299,21,1286,14
2026-06-07T12:07:56.708000+00:00,11299,22,1286,18
2026-06-07T13:03:25.450000+00:00,11299,3,1286,3
2026-06-07T13:03:25.450000+00:00,11299,2,1286,44
2026-06-07T13:03:25.793000+00:00,11299,4,1286,3
2026-06-07T13:03:25.793000+00:00,11299,3,1286,16
2026-06-07T13:03:26.278000+00:00,11299,5,1286,3
2026-06-07T13:03:26.278000+00:00,11299,4,1286,6
2026-06-07T13:03:26.637000+00:00,11299,6,1286,3
2026-06-07T13:03:26.637000+00:00,11299,5,1286,63
2026-06-07T13:03:27.043000+00:00,11299,7,1286,3
2026-06-07T13:03:27.043000+00:00,11299,6,1286,81
2026-06-07T13:03:27.653000+00:00,11299,8,1286,3
2026-06-07T13:03:27.653000+00:00,11299,9,1286,1
2026-06-07T13:03:27.653000+00:00,11299,7,1286,10
2026-06-07T13:03:27.715000+00:00,11299,9,1286,3
2026-06-07T13:03:27.715000+00:00,11299,8,1286,1
2026-06-07T13:03:27.965000+00:00,11299,10,1286,3
2026-06-07T13:03:27.965000+00:00,11299,9,1286,30
2026-06-07T13:03:28.075000+00:00,11299,11,1286,3
2026-06-07T13:03:28.075000+00:00,11299,10,1286,23
2026-06-07T13:03:28.231000+00:00,11299,12,1286,3
2026-06-07T13:03:28.231000+00:00,11299,11,1286,55
2026-06-07T13:03:28.512000+00:00,11299,13,1286,3
2026-06-07T13:03:28.512000+00:00,11299,12,1286,27
2026-06-07T13:03:28.872000+00:00,11299,14,1286,3
2026-06-07T13:03:28.872000+00:00,11299,13,1286,43
2026-06-07T13:03:28.965000+00:00,11299,15,1286,3
2026-06-07T13:03:28.965000+00:00,11299,16,1286,41
2026-06-07T13:03:28.965000+00:00,11299,17,1286,5
2026-06-07T13:03:28.965000+00:00,11299,18,1286,31
2026-06-07T13:03:28.965000+00:00,11299,14,1286,11
2026-06-07T13:03:28.981000+00:00,11299,16,1286,3
2026-06-07T13:03:28.981000+00:00,11299,15,1286,41
2026-06-07T13:03:29.247000+00:00,11299,17,1286,3
2026-06-07T13:03:29.247000+00:00,11299,18,1286,5
2026-06-07T13:03:29.247000+00:00,11299,16,1286,31
2026-06-07T13:03:29.356000+00:00,11299,18,1286,3
2026-06-07T13:03:29.356000+00:00,11299,19,1286,5
2026-06-07T13:03:29.356000+00:00,11299,17,1286,87
2026-06-07T13:03:29.653000+00:00,11299,19,1286,3
2026-06-07T13:03:29.653000+00:00,11299,20,1286,5
2026-06-07T13:03:29.653000+00:00,11299,21,1286,77
2026-06-07T13:03:29.653000+00:00,11299,18,1286,14
2026-06-07T13:03:29.872000+00:00,11299,20,1286,3
2026-06-07T13:03:29.872000+00:00,11299,21,1286,5
2026-06-07T13:03:29.872000+00:00,11299,19,1286,77
2026-06-07T13:03:30.137000+00:00,11299,21,1286,3
2026-06-07T13:03:30.137000+00:00,11299,22,1286,5
2026-06-07T13:03:30.137000+00:00,11299,20,1286,18
2026-06-07T13:03:32.387000+00:00,11299,14,1286,41
2026-06-07T13:03:32.387000+00:00,11299,15,1286,11
2026-06-07T13:03:33.481000+00:00,11299,22,1286,3
2026-06-07T13:03:33.481000+00:00,11299,21,1286,5
2026-06-07T13:03:49.484000+00:00,11299,11,1286,23
2026-06-07T13:03:49.484000+00:00,11299,10,1286,55
2026-06-07T13:03:51.109000+00:00,11299,15,1286,41
2026-06-07T13:03:51.109000+00:00,11299,14,1286,11
2026-06-07T13:03:51.750000+00:00,11299,16,1286,41
2026-06-07T13:03:51.750000+00:00,11299,15,1286,31
2026-06-07T13:03:54.594000+00:00,11299,10,1286,23
2026-06-07T13:03:54.594000+00:00,11299,11,1286,55
2026-06-07T13:03:57.344000+00:00,11299,15,1286,41
2026-06-07T13:03:57.344000+00:00,11299,16,1286,31
2026-06-07T13:03:58.453000+00:00,11299,18,1286,87
2026-06-07T13:03:58.453000+00:00,11299,17,1286,14
2026-06-07T13:04:47.488000+00:00,11299,19,1286,87
2026-06-07T13:04:47.488000+00:00,11299,20,1286,77
2026-06-07T13:04:47.488000+00:00,11299,18,1286,18
2026-06-07T13:05:10.238000+00:00,11299,20,1286,87
2026-06-07T13:05:10.238000+00:00,11299,19,1286,77
2026-06-07T13:05:10.941000+00:00,11299,20,1286,5
2026-06-07T13:05:10.941000+00:00,11299,21,1286,87
2026-06-07T13:07:35.260000+00:00,11299,18,1286,14
2026-06-07T13:07:35.260000+00:00,11299,17,1286,18
2026-06-07T13:08:50.214000+00:00,11299,14,1286,41
2026-06-07T13:08:50.214000+00:00,11299,15,1286,11
2026-06-07T13:08:51.136000+00:00,11299,15,1286,31
2026-06-07T13:08:51.136000+00:00,11299,16,1286,11
2026-06-07T13:09:19.620000+00:00,11299,17,1286,14
2026-06-07T13:09:19.620000+00:00,11299,18,1286,18
2026-06-07T13:15:52.210000+00:00,11299,17,1286,11
2026-06-07T13:15:52.210000+00:00,11299,16,1286,14
2026-06-07T13:15:55.460000+00:00,11299,18,1286,11
2026-06-07T13:15:55.460000+00:00,11299,17,1286,18
2026-06-07T13:19:24.201000+00:00,11299,13,1286,27
2026-06-07T13:19:24.201000+00:00,11299,12,1286,43
2026-06-07T13:19:25.405000+00:00,11299,14,1286,27
2026-06-07T13:19:25.405000+00:00,11299,13,1286,41
2026-06-07T13:25:39.981000+00:00,11299,19,1286,5
2026-06-07T13:25:39.981000+00:00,11299,20,1286,77
2026-06-07T13:25:40.293000+00:00,11299,20,1286,87
2026-06-07T13:25:40.293000+00:00,11299,21,1286,77
2026-06-07T13:39:25.642000+00:00,11299,3,1286,44
2026-06-07T13:39:25.642000+00:00,11299,2,1286,16
2026-06-07T13:43:53.935000+00:00,11299,6,1286,63
2026-06-07T13:43:53.935000+00:00,11299,5,1286,81
2026-06-07T13:43:59.888000+00:00,11299,7,1286,63
2026-06-07T13:43:59.888000+00:00,11299,6,1286,10
2026-06-07T13:44:00.404000+00:00,11299,8,1286,63
2026-06-07T13:44:00.404000+00:00,11299,7,1286,1
2026-06-07T13:45:12.113000+00:00,11299,5,1286,6
2026-06-07T13:45:12.113000+00:00,11299,4,1286,81
2026-06-07T13:45:17.903000+00:00,11299,6,1286,6
2026-06-07T13:45:17.903000+00:00,11299,5,1286,10
2026-06-07T13:45:18.581000+00:00,11299,7,1286,6
2026-06-07T13:45:18.581000+00:00,11299,6,1286,1
2026-06-07T13:45:34.843000+00:00,11299,8,1286,6
2026-06-07T13:45:34.843000+00:00,11299,7,1286,63
2026-06-07T13:48:41.144000+00:00,11299,2,1286,44
2026-06-07T13:48:41.144000+00:00,11299,3,1286,16
2026-06-07T13:49:46.941000+00:00,11299,13,1286,43
2026-06-07T13:49:46.941000+00:00,11299,12,1286,41
2026-06-07T13:49:47.379000+00:00,11299,23,1286,43
2026-06-07T13:49:47.426000+00:00,11299,13,1286,27
2026-06-07T13:49:47.426000+00:00,11299,14,1286,43
2026-06-07T13:49:48.113000+00:00,11299,15,1286,43
2026-06-07T13:49:48.113000+00:00,11299,14,1286,31
2026-06-07T14:00:31.409000+00:00,11299,6,1286,63
2026-06-07T14:00:31.409000+00:00,11299,7,1286,1
2026-06-07T14:00:49.253000+00:00,11299,7,1286,6
2026-06-07T14:00:49.253000+00:00,11299,8,1286,1
2026-06-07T14:01:41.566000+00:00,11299,9,1286,1
2026-06-07T14:01:41.566000+00:00,11299,8,1286,30
2026-06-07T14:01:59.009000+00:00,11299,10,1286,1
2026-06-07T14:01:59.009000+00:00,11299,9,1286,23
2026-06-07T14:02:00.579000+00:00,11299,11,1286,1
2026-06-07T14:02:00.579000+00:00,11299,10,1286,55
2026-06-07T14:02:01.408000+00:00,11299,12,1286,1
2026-06-07T14:02:01.408000+00:00,11299,11,1286,41
2026-06-07T14:02:01.940000+00:00,11299,13,1286,1
2026-06-07T14:02:01.940000+00:00,11299,12,1286,27
2026-06-07T14:02:02.754000+00:00,11299,14,1286,1
2026-06-07T14:02:02.754000+00:00,11299,13,1286,31
2026-06-07T14:02:03.631000+00:00,11299,15,1286,1
2026-06-07T14:02:03.631000+00:00,11299,14,1286,43
2026-06-07T14:02:09.344000+00:00,11299,16,1286,1
2026-06-07T14:02:09.344000+00:00,11299,15,1286,14
2026-06-07T14:02:17.438000+00:00,11299,17,1286,1
2026-06-07T14:02:17.438000+00:00,11299,16,1286,18
2026-06-07T14:02:25.282000+00:00,11299,5,1286,63
2026-06-07T14:02:25.282000+00:00,11299,6,1286,10
2026-06-07T14:02:28.298000+00:00,11299,6,1286,6
2026-06-07T14:02:28.298000+00:00,11299,7,1286,10
2026-06-07T14:02:35.932000+00:00,11299,18,1286,1
2026-06-07T14:02:35.932000+00:00,11299,17,1286,11
2026-06-07T14:02:54.310000+00:00,11299,19,1286,1
2026-06-07T14:02:54.310000+00:00,11299,18,1286,5
2026-06-07T14:02:55.893000+00:00,11299,10,1286,23
2026-06-07T14:02:55.893000+00:00,11299,9,1286,55
2026-06-07T14:06:07.311000+00:00,11299,11,1286,23
2026-06-07T14:06:07.311000+00:00,11299,10,1286,41
2026-06-07T14:06:16.514000+00:00,11299,4,1286,63
2026-06-07T14:06:16.514000+00:00,11299,5,1286,81
2026-06-07T14:06:22.404000+00:00,11299,5,1286,6
2026-06-07T14:06:22.404000+00:00,11299,6,1286,81
2026-06-07T14:12:44.362000+00:00,11299,10,1286,55
2026-06-07T14:12:44.362000+00:00,11299,9,1286,41
2026-06-07T14:17:42.083000+00:00,11299,10,1286,23
2026-06-07T14:17:42.083000+00:00,11299,11,1286,55
2026-06-07T14:20:04.966000+00:00,11299,16,1286,11
2026-06-07T14:20:04.966000+00:00,11299,17,1286,18
2026-06-07T14:20:11.919000+00:00,11299,17,1286,5
2026-06-07T14:20:11.919000+00:00,11299,18,1286,18
2026-06-07T14:21:21.854000+00:00,11299,7,1286,81
2026-06-07T14:21:21.854000+00:00,11299,6,1286,10
2026-06-07T14:21:23.260000+00:00,11299,13,1286,27
2026-06-07T14:21:23.260000+00:00,11299,12,1286,31
2026-06-07T14:22:45.262000+00:00,11299,4,1286,6
2026-06-07T14:22:45.262000+00:00,11299,5,1286,63
2026-06-07T14:30:54.102000+00:00,11299,4,1286,16
2026-06-07T14:30:54.102000+00:00,11299,3,1286,6
2026-06-07T14:30:54.341000+00:00,11299,5,1286,16
2026-06-07T14:30:54.341000+00:00,11299,4,1286,63
2026-06-07T14:31:06.020000+00:00,11299,6,1286,16
2026-06-07T14:31:06.020000+00:00,11299,5,1286,10
2026-06-07T14:31:08.296000+00:00,11299,7,1286,16
2026-06-07T14:31:08.296000+00:00,11299,6,1286,81
2026-06-07T14:31:15.422000+00:00,11299,8,1286,16
2026-06-07T14:31:15.422000+00:00,11299,7,1286,30
2026-06-07T14:32:51.024000+00:00,11299,9,1286,16
2026-06-07T14:32:51.024000+00:00,11299,8,1286,41
2026-06-07T14:32:52.304000+00:00,11299,10,1286,16
2026-06-07T14:32:52.304000+00:00,11299,9,1286,23
2026-06-07T14:32:53.264000+00:00,11299,11,1286,16
2026-06-07T14:32:53.264000+00:00,11299,10,1286,55
2026-06-07T14:32:54.679000+00:00,11299,12,1286,16
2026-06-07T14:32:54.679000+00:00,11299,11,1286,31
2026-06-07T14:32:56.418000+00:00,11299,13,1286,16
2026-06-07T14:32:56.418000+00:00,11299,12,1286,27
2026-06-07T14:33:01.822000+00:00,11299,14,1286,16
2026-06-07T14:33:01.822000+00:00,11299,13,1286,43
2026-06-07T14:33:04.384000+00:00,11299,15,1286,16
2026-06-07T14:33:04.384000+00:00,11299,14,1286,14
2026-06-07T14:33:05.888000+00:00,11299,23,1286,16
2026-06-07T14:33:05.907000+00:00,11299,16,1286,16
2026-06-07T14:33:05.907000+00:00,11299,15,1286,11
2026-06-07T14:33:06.828000+00:00,11299,17,1286,16
2026-06-07T14:33:06.828000+00:00,11299,16,1286,5
2026-06-07T15:16:45.227000+00:00,11299,8,1286,23
2026-06-07T15:16:45.227000+00:00,11299,9,1286,41
2026-06-07T15:16:46.523000+00:00,11299,13,1286,27
2026-06-07T15:16:46.523000+00:00,11299,12,1286,43
2026-06-07T15:16:51.503000+00:00,11299,4,1286,6
2026-06-07T15:16:51.503000+00:00,11299,3,1286,63
2026-06-07T15:16:51.830000+00:00,11299,5,1286,6
2026-06-07T15:16:51.830000+00:00,11299,4,1286,10
2026-06-07T15:16:52.758000+00:00,11299,9,1286,23
2026-06-07T15:16:52.758000+00:00,11299,8,1286,41
2026-06-07T15:16:53.362000+00:00,11299,12,1286,27
2026-06-07T15:16:53.362000+00:00,11299,13,1286,43
2026-06-07T15:16:54.042000+00:00,11299,14,1286,43
2026-06-07T15:16:54.042000+00:00,11299,13,1286,14
2026-06-07T15:17:11.831000+00:00,11299,15,1286,43
2026-06-07T15:17:11.831000+00:00,11299,14,1286,11
2026-06-07T15:17:24.979000+00:00,11299,11,1286,55
2026-06-07T15:17:24.979000+00:00,11299,10,1286,27
2026-06-07T15:17:24.979000+00:00,11299,12,1286,31
2026-06-07T15:17:25.761000+00:00,11299,13,1286,11
2026-06-07T15:17:25.761000+00:00,11299,14,1286,14
2026-06-07T15:17:28.542000+00:00,11299,12,1286,55
2026-06-07T15:17:28.542000+00:00,11299,11,1286,31
2026-06-07T15:17:28.995000+00:00,11299,13,1286,55
2026-06-07T15:17:28.995000+00:00,11299,12,1286,11
2026-06-07T15:17:33.323000+00:00,11299,14,1286,55
2026-06-07T15:17:33.323000+00:00,11299,13,1286,14
2026-06-07T15:17:44.229000+00:00,11299,15,1286,55
2026-06-07T15:17:44.229000+00:00,11299,16,1286,43
2026-06-07T15:17:44.229000+00:00,11299,14,1286,5
2026-06-07T15:17:44.807000+00:00,11299,16,1286,55
2026-06-07T15:17:44.807000+00:00,11299,15,1286,43
2026-06-07T15:19:03.695000+00:00,11299,10,1286,23
2026-06-07T15:19:03.695000+00:00,11299,9,1286,27
2026-06-07T15:19:27.480000+00:00,11299,4,1286,63
2026-06-07T15:19:27.480000+00:00,11299,3,1286,10
2026-06-07T15:19:29.839000+00:00,11299,4,1286,6
2026-06-07T15:19:29.839000+00:00,11299,5,1286,63
2026-06-07T15:19:30.917000+00:00,11299,6,1286,63
2026-06-07T15:19:30.917000+00:00,11299,5,1286,81
2026-06-07T15:19:32.222000+00:00,11299,7,1286,63
2026-06-07T15:19:32.222000+00:00,11299,6,1286,30
2026-06-07T15:19:33.172000+00:00,11299,8,1286,63
2026-06-07T15:19:33.172000+00:00,11299,7,1286,41
2026-06-07T15:19:34.532000+00:00,11299,9,1286,63
2026-06-07T15:19:34.532000+00:00,11299,8,1286,27
2026-06-07T15:19:35.954000+00:00,11299,10,1286,63
2026-06-07T15:19:35.954000+00:00,11299,9,1286,23
2026-06-07T15:19:36.283000+00:00,11299,11,1286,63
2026-06-07T15:19:36.283000+00:00,11299,10,1286,31
2026-06-07T15:19:42.522000+00:00,11299,12,1286,63
2026-06-07T15:19:42.522000+00:00,11299,11,1286,11
2026-06-07T15:19:42.897000+00:00,11299,13,1286,63
2026-06-07T15:19:42.897000+00:00,11299,12,1286,14
2026-06-07T15:19:44.100000+00:00,11299,14,1286,63
2026-06-07T15:19:44.100000+00:00,11299,13,1286,5
2026-06-07T15:20:02.710000+00:00,11299,8,1286,23
2026-06-07T15:20:02.710000+00:00,11299,9,1286,27
2026-06-07T15:27:06.733000+00:00,11299,3,1286,6
2026-06-07T15:27:06.733000+00:00,11299,4,1286,10
2026-06-07T15:27:07.624000+00:00,11299,4,1286,81
2026-06-07T15:27:07.624000+00:00,11299,5,1286,10
2026-06-07T15:27:09.905000+00:00,11299,6,1286,10
2026-06-07T15:27:09.905000+00:00,11299,5,1286,30
2026-06-07T15:27:12.342000+00:00,11299,7,1286,10
2026-06-07T15:27:12.342000+00:00,11299,6,1286,41
2026-06-07T15:28:34.728000+00:00,11299,13,1286,63
2026-06-07T15:28:34.728000+00:00,11299,14,1286,27
2026-06-07T15:28:34.728000+00:00,11299,12,1286,5
2026-06-07T15:28:34.728000+00:00,11299,9,1286,31
2026-06-07T15:28:34.728000+00:00,11299,10,1286,11
2026-06-07T15:28:34.728000+00:00,11299,11,1286,14
